--------------------------------------------------------
--  DDL for Table JOBS
--------------------------------------------------------

CREATE TABLE JOBS (
  JOB_ID      VARCHAR(10) not null primary key, 
	JOB_TITLE   VARCHAR(35), 
	MIN_SALARY  INT, 
	MAX_SALARY  INT
);

Insert into JOBS (JOB_ID,JOB_TITLE,MIN_SALARY,MAX_SALARY) values ('AD_PRES','President',20000,40000);
Insert into JOBS (JOB_ID,JOB_TITLE,MIN_SALARY,MAX_SALARY) values ('AD_VP','Administration Vice President',15000,30000);
Insert into JOBS (JOB_ID,JOB_TITLE,MIN_SALARY,MAX_SALARY) values ('AD_ASST','Administration Assistant',3000,6000);
Insert into JOBS (JOB_ID,JOB_TITLE,MIN_SALARY,MAX_SALARY) values ('FI_MGR','Finance Manager',8200,16000);
Insert into JOBS (JOB_ID,JOB_TITLE,MIN_SALARY,MAX_SALARY) values ('FI_ACCOUNT','Accountant',4200,9000);
Insert into JOBS (JOB_ID,JOB_TITLE,MIN_SALARY,MAX_SALARY) values ('AC_MGR','Accounting Manager',8200,16000);
Insert into JOBS (JOB_ID,JOB_TITLE,MIN_SALARY,MAX_SALARY) values ('AC_ACCOUNT','Public Accountant',4200,9000);
Insert into JOBS (JOB_ID,JOB_TITLE,MIN_SALARY,MAX_SALARY) values ('SA_MAN','Sales Manager',10000,20000);
Insert into JOBS (JOB_ID,JOB_TITLE,MIN_SALARY,MAX_SALARY) values ('SA_REP','Sales Representative',6000,12000);
Insert into JOBS (JOB_ID,JOB_TITLE,MIN_SALARY,MAX_SALARY) values ('PU_MAN','Purchasing Manager',8000,15000);
Insert into JOBS (JOB_ID,JOB_TITLE,MIN_SALARY,MAX_SALARY) values ('PU_CLERK','Purchasing Clerk',2500,5500);
Insert into JOBS (JOB_ID,JOB_TITLE,MIN_SALARY,MAX_SALARY) values ('ST_MAN','Stock Manager',5500,8500);
Insert into JOBS (JOB_ID,JOB_TITLE,MIN_SALARY,MAX_SALARY) values ('ST_CLERK','Stock Clerk',2000,5000);
Insert into JOBS (JOB_ID,JOB_TITLE,MIN_SALARY,MAX_SALARY) values ('SH_CLERK','Shipping Clerk',2500,5500);
Insert into JOBS (JOB_ID,JOB_TITLE,MIN_SALARY,MAX_SALARY) values ('IT_PROG','Programmer',4000,10000);
Insert into JOBS (JOB_ID,JOB_TITLE,MIN_SALARY,MAX_SALARY) values ('MK_MAN','Marketing Manager',9000,15000);
Insert into JOBS (JOB_ID,JOB_TITLE,MIN_SALARY,MAX_SALARY) values ('MK_REP','Marketing Representative',4000,9000);
Insert into JOBS (JOB_ID,JOB_TITLE,MIN_SALARY,MAX_SALARY) values ('HR_REP','Human Resources Representative',4000,9000);
Insert into JOBS (JOB_ID,JOB_TITLE,MIN_SALARY,MAX_SALARY) values ('PR_REP','Public Relations Representative',4500,10500);

--------------------------------------------------------
--  DDL for Table EMPLOYEES
--------------------------------------------------------

CREATE TABLE EMPLOYEES (	
  EMPLOYEE_ID     SERIAL UNIQUE, 
	FIRST_NAME      VARCHAR(20), 
	LAST_NAME       VARCHAR(25), 
	EMAIL           VARCHAR(25), 
	PHONE_NUMBER    VARCHAR(20), 
	HIRE_DATE       DATE, 
	JOB_ID          VARCHAR(10) REFERENCES JOBS(JOB_ID), 
	SALARY          INT, 
	COMMISSION_PCT  NUMERIC(2,2), 
	MANAGER_ID      INT REFERENCES EMPLOYEES(EMPLOYEE_ID), 
	DEPARTMENT_ID   INT 
);


Insert into EMPLOYEES (EMPLOYEE_ID,FIRST_NAME,LAST_NAME,EMAIL,PHONE_NUMBER,HIRE_DATE,JOB_ID,SALARY,COMMISSION_PCT,MANAGER_ID,DEPARTMENT_ID) values (100,'Steven','King','SKING','515.123.4567','1987-06-17','AD_PRES',24000,null,null,90);
Insert into EMPLOYEES (EMPLOYEE_ID,FIRST_NAME,LAST_NAME,EMAIL,PHONE_NUMBER,HIRE_DATE,JOB_ID,SALARY,COMMISSION_PCT,MANAGER_ID,DEPARTMENT_ID) values (101,'Neena','Kochhar','NKOCHHAR','515.123.4568','1989-09-21','AD_VP',17000,null,100,90);
Insert into EMPLOYEES (EMPLOYEE_ID,FIRST_NAME,LAST_NAME,EMAIL,PHONE_NUMBER,HIRE_DATE,JOB_ID,SALARY,COMMISSION_PCT,MANAGER_ID,DEPARTMENT_ID) values (102,'Lex','De Haan','LDEHAAN','515.123.4569','1993-01-13','AD_VP',17000,null,100,90);
Insert into EMPLOYEES (EMPLOYEE_ID,FIRST_NAME,LAST_NAME,EMAIL,PHONE_NUMBER,HIRE_DATE,JOB_ID,SALARY,COMMISSION_PCT,MANAGER_ID,DEPARTMENT_ID) values (103,'Alexander','Hunold','AHUNOLD','590.423.4567','1990-01-03','IT_PROG',9000,null,102,60);
Insert into EMPLOYEES (EMPLOYEE_ID,FIRST_NAME,LAST_NAME,EMAIL,PHONE_NUMBER,HIRE_DATE,JOB_ID,SALARY,COMMISSION_PCT,MANAGER_ID,DEPARTMENT_ID) values (104,'Bruce','Ernst','BERNST','590.423.4568','1991-05-21','IT_PROG',6000,null,103,60);
Insert into EMPLOYEES (EMPLOYEE_ID,FIRST_NAME,LAST_NAME,EMAIL,PHONE_NUMBER,HIRE_DATE,JOB_ID,SALARY,COMMISSION_PCT,MANAGER_ID,DEPARTMENT_ID) values (105,'David','Austin','DAUSTIN','590.423.4569','1997-06-25','IT_PROG',4800,null,103,60);
Insert into EMPLOYEES (EMPLOYEE_ID,FIRST_NAME,LAST_NAME,EMAIL,PHONE_NUMBER,HIRE_DATE,JOB_ID,SALARY,COMMISSION_PCT,MANAGER_ID,DEPARTMENT_ID) values (106,'Valli','Pataballa','VPATABAL','590.423.4560','1998-02-05','IT_PROG',4800,null,103,60);
Insert into EMPLOYEES (EMPLOYEE_ID,FIRST_NAME,LAST_NAME,EMAIL,PHONE_NUMBER,HIRE_DATE,JOB_ID,SALARY,COMMISSION_PCT,MANAGER_ID,DEPARTMENT_ID) values (107,'Diana','Lorentz','DLORENTZ','590.423.5567','1999-02-07','IT_PROG',4200,null,103,60);
Insert into EMPLOYEES (EMPLOYEE_ID,FIRST_NAME,LAST_NAME,EMAIL,PHONE_NUMBER,HIRE_DATE,JOB_ID,SALARY,COMMISSION_PCT,MANAGER_ID,DEPARTMENT_ID) values (108,'Nancy','Greenberg','NGREENBE','515.124.4569','1994-08-17','FI_MGR',12000,null,101,100);
Insert into EMPLOYEES (EMPLOYEE_ID,FIRST_NAME,LAST_NAME,EMAIL,PHONE_NUMBER,HIRE_DATE,JOB_ID,SALARY,COMMISSION_PCT,MANAGER_ID,DEPARTMENT_ID) values (109,'Daniel','Faviet','DFAVIET','515.124.4169','1994-08-16','FI_ACCOUNT',9000,null,108,100);
Insert into EMPLOYEES (EMPLOYEE_ID,FIRST_NAME,LAST_NAME,EMAIL,PHONE_NUMBER,HIRE_DATE,JOB_ID,SALARY,COMMISSION_PCT,MANAGER_ID,DEPARTMENT_ID) values (110,'John','Chen','JCHEN','515.124.4269','1997-09-28','FI_ACCOUNT',8200,null,108,100);
Insert into EMPLOYEES (EMPLOYEE_ID,FIRST_NAME,LAST_NAME,EMAIL,PHONE_NUMBER,HIRE_DATE,JOB_ID,SALARY,COMMISSION_PCT,MANAGER_ID,DEPARTMENT_ID) values (111,'Ismael','Sciarra','ISCIARRA','515.124.4369','1997-09-30','FI_ACCOUNT',7700,null,108,100);
Insert into EMPLOYEES (EMPLOYEE_ID,FIRST_NAME,LAST_NAME,EMAIL,PHONE_NUMBER,HIRE_DATE,JOB_ID,SALARY,COMMISSION_PCT,MANAGER_ID,DEPARTMENT_ID) values (112,'Jose Manuel','Urman','JMURMAN','515.124.4469','1998-03-07','FI_ACCOUNT',7800,null,108,100);
Insert into EMPLOYEES (EMPLOYEE_ID,FIRST_NAME,LAST_NAME,EMAIL,PHONE_NUMBER,HIRE_DATE,JOB_ID,SALARY,COMMISSION_PCT,MANAGER_ID,DEPARTMENT_ID) values (113,'Luis','Popp','LPOPP','515.124.4567','1999-12-07','FI_ACCOUNT',6900,null,108,100);
Insert into EMPLOYEES (EMPLOYEE_ID,FIRST_NAME,LAST_NAME,EMAIL,PHONE_NUMBER,HIRE_DATE,JOB_ID,SALARY,COMMISSION_PCT,MANAGER_ID,DEPARTMENT_ID) values (114,'Den','Raphaely','DRAPHEAL','515.127.4561','1994-12-07','PU_MAN',11000,null,100,30);
Insert into EMPLOYEES (EMPLOYEE_ID,FIRST_NAME,LAST_NAME,EMAIL,PHONE_NUMBER,HIRE_DATE,JOB_ID,SALARY,COMMISSION_PCT,MANAGER_ID,DEPARTMENT_ID) values (115,'Alexander','Khoo','AKHOO','515.127.4562','1995-05-18','PU_CLERK',3100,null,114,30);
Insert into EMPLOYEES (EMPLOYEE_ID,FIRST_NAME,LAST_NAME,EMAIL,PHONE_NUMBER,HIRE_DATE,JOB_ID,SALARY,COMMISSION_PCT,MANAGER_ID,DEPARTMENT_ID) values (116,'Shelli','Baida','SBAIDA','515.127.4563','1997-12-24','PU_CLERK',2900,null,114,30);
Insert into EMPLOYEES (EMPLOYEE_ID,FIRST_NAME,LAST_NAME,EMAIL,PHONE_NUMBER,HIRE_DATE,JOB_ID,SALARY,COMMISSION_PCT,MANAGER_ID,DEPARTMENT_ID) values (117,'Sigal','Tobias','STOBIAS','515.127.4564','1997-07-24','PU_CLERK',2800,null,114,30);
Insert into EMPLOYEES (EMPLOYEE_ID,FIRST_NAME,LAST_NAME,EMAIL,PHONE_NUMBER,HIRE_DATE,JOB_ID,SALARY,COMMISSION_PCT,MANAGER_ID,DEPARTMENT_ID) values (118,'Guy','Himuro','GHIMURO','515.127.4565','1998-11-15','PU_CLERK',2600,null,114,30);
Insert into EMPLOYEES (EMPLOYEE_ID,FIRST_NAME,LAST_NAME,EMAIL,PHONE_NUMBER,HIRE_DATE,JOB_ID,SALARY,COMMISSION_PCT,MANAGER_ID,DEPARTMENT_ID) values (119,'Karen','Colmenares','KCOLMENA','515.127.4566','1999-08-10','PU_CLERK',2500,null,114,30);
Insert into EMPLOYEES (EMPLOYEE_ID,FIRST_NAME,LAST_NAME,EMAIL,PHONE_NUMBER,HIRE_DATE,JOB_ID,SALARY,COMMISSION_PCT,MANAGER_ID,DEPARTMENT_ID) values (120,'Matthew','Weiss','MWEISS','650.123.1234','1996-07-18','ST_MAN',8000,null,100,50);
Insert into EMPLOYEES (EMPLOYEE_ID,FIRST_NAME,LAST_NAME,EMAIL,PHONE_NUMBER,HIRE_DATE,JOB_ID,SALARY,COMMISSION_PCT,MANAGER_ID,DEPARTMENT_ID) values (121,'Adam','Fripp','AFRIPP','650.123.2234','1997-04-10','ST_MAN',8200,null,100,50);
Insert into EMPLOYEES (EMPLOYEE_ID,FIRST_NAME,LAST_NAME,EMAIL,PHONE_NUMBER,HIRE_DATE,JOB_ID,SALARY,COMMISSION_PCT,MANAGER_ID,DEPARTMENT_ID) values (122,'Payam','Kaufling','PKAUFLIN','650.123.3234','1995-05-01','ST_MAN',7900,null,100,50);
Insert into EMPLOYEES (EMPLOYEE_ID,FIRST_NAME,LAST_NAME,EMAIL,PHONE_NUMBER,HIRE_DATE,JOB_ID,SALARY,COMMISSION_PCT,MANAGER_ID,DEPARTMENT_ID) values (123,'Shanta','Vollman','SVOLLMAN','650.123.4234','1997-10-10','ST_MAN',6500,null,100,50);
Insert into EMPLOYEES (EMPLOYEE_ID,FIRST_NAME,LAST_NAME,EMAIL,PHONE_NUMBER,HIRE_DATE,JOB_ID,SALARY,COMMISSION_PCT,MANAGER_ID,DEPARTMENT_ID) values (124,'Kevin','Mourgos','KMOURGOS','650.123.5234','1999-11-16','ST_MAN',5800,null,100,50);
Insert into EMPLOYEES (EMPLOYEE_ID,FIRST_NAME,LAST_NAME,EMAIL,PHONE_NUMBER,HIRE_DATE,JOB_ID,SALARY,COMMISSION_PCT,MANAGER_ID,DEPARTMENT_ID) values (125,'Julia','Nayer','JNAYER','650.124.1214','1997-07-16','ST_CLERK',3200,null,120,50);
Insert into EMPLOYEES (EMPLOYEE_ID,FIRST_NAME,LAST_NAME,EMAIL,PHONE_NUMBER,HIRE_DATE,JOB_ID,SALARY,COMMISSION_PCT,MANAGER_ID,DEPARTMENT_ID) values (126,'Irene','Mikkilineni','IMIKKILI','650.124.1224','1998-09-28','ST_CLERK',2700,null,120,50);
Insert into EMPLOYEES (EMPLOYEE_ID,FIRST_NAME,LAST_NAME,EMAIL,PHONE_NUMBER,HIRE_DATE,JOB_ID,SALARY,COMMISSION_PCT,MANAGER_ID,DEPARTMENT_ID) values (127,'James','Landry','JLANDRY','650.124.1334','1999-01-14','ST_CLERK',2400,null,120,50);
Insert into EMPLOYEES (EMPLOYEE_ID,FIRST_NAME,LAST_NAME,EMAIL,PHONE_NUMBER,HIRE_DATE,JOB_ID,SALARY,COMMISSION_PCT,MANAGER_ID,DEPARTMENT_ID) values (128,'Steven','Markle','SMARKLE','650.124.1434','2000-03-08','ST_CLERK',2200,null,120,50);
Insert into EMPLOYEES (EMPLOYEE_ID,FIRST_NAME,LAST_NAME,EMAIL,PHONE_NUMBER,HIRE_DATE,JOB_ID,SALARY,COMMISSION_PCT,MANAGER_ID,DEPARTMENT_ID) values (129,'Laura','Bissot','LBISSOT','650.124.5234','1997-08-20','ST_CLERK',3300,null,121,50);
Insert into EMPLOYEES (EMPLOYEE_ID,FIRST_NAME,LAST_NAME,EMAIL,PHONE_NUMBER,HIRE_DATE,JOB_ID,SALARY,COMMISSION_PCT,MANAGER_ID,DEPARTMENT_ID) values (130,'Mozhe','Atkinson','MATKINSO','650.124.6234','1997-10-30','ST_CLERK',2800,null,121,50);
Insert into EMPLOYEES (EMPLOYEE_ID,FIRST_NAME,LAST_NAME,EMAIL,PHONE_NUMBER,HIRE_DATE,JOB_ID,SALARY,COMMISSION_PCT,MANAGER_ID,DEPARTMENT_ID) values (131,'James','Marlow','JAMRLOW','650.124.7234','1997-02-16','ST_CLERK',2500,null,121,50);
Insert into EMPLOYEES (EMPLOYEE_ID,FIRST_NAME,LAST_NAME,EMAIL,PHONE_NUMBER,HIRE_DATE,JOB_ID,SALARY,COMMISSION_PCT,MANAGER_ID,DEPARTMENT_ID) values (132,'TJ','Olson','TJOLSON','650.124.8234','1999-04-10','ST_CLERK',2100,null,121,50);
Insert into EMPLOYEES (EMPLOYEE_ID,FIRST_NAME,LAST_NAME,EMAIL,PHONE_NUMBER,HIRE_DATE,JOB_ID,SALARY,COMMISSION_PCT,MANAGER_ID,DEPARTMENT_ID) values (133,'Jason','Mallin','JMALLIN','650.127.1934','1996-06-14','ST_CLERK',3300,null,122,50);
Insert into EMPLOYEES (EMPLOYEE_ID,FIRST_NAME,LAST_NAME,EMAIL,PHONE_NUMBER,HIRE_DATE,JOB_ID,SALARY,COMMISSION_PCT,MANAGER_ID,DEPARTMENT_ID) values (134,'Michael','Rogers','MROGERS','650.127.1834','1998-08-26','ST_CLERK',2900,null,122,50);
Insert into EMPLOYEES (EMPLOYEE_ID,FIRST_NAME,LAST_NAME,EMAIL,PHONE_NUMBER,HIRE_DATE,JOB_ID,SALARY,COMMISSION_PCT,MANAGER_ID,DEPARTMENT_ID) values (135,'Ki','Gee','KGEE','650.127.1734','1999-12-12','ST_CLERK',2400,null,122,50);
Insert into EMPLOYEES (EMPLOYEE_ID,FIRST_NAME,LAST_NAME,EMAIL,PHONE_NUMBER,HIRE_DATE,JOB_ID,SALARY,COMMISSION_PCT,MANAGER_ID,DEPARTMENT_ID) values (136,'Hazel','Philtanker','HPHILTAN','650.127.1634','2000-02-06','ST_CLERK',2200,null,122,50);
Insert into EMPLOYEES (EMPLOYEE_ID,FIRST_NAME,LAST_NAME,EMAIL,PHONE_NUMBER,HIRE_DATE,JOB_ID,SALARY,COMMISSION_PCT,MANAGER_ID,DEPARTMENT_ID) values (137,'Renske','Ladwig','RLADWIG','650.121.1234','1995-07-14','ST_CLERK',3600,null,123,50);
Insert into EMPLOYEES (EMPLOYEE_ID,FIRST_NAME,LAST_NAME,EMAIL,PHONE_NUMBER,HIRE_DATE,JOB_ID,SALARY,COMMISSION_PCT,MANAGER_ID,DEPARTMENT_ID) values (138,'Stephen','Stiles','SSTILES','650.121.2034','1997-10-26','ST_CLERK',3200,null,123,50);
Insert into EMPLOYEES (EMPLOYEE_ID,FIRST_NAME,LAST_NAME,EMAIL,PHONE_NUMBER,HIRE_DATE,JOB_ID,SALARY,COMMISSION_PCT,MANAGER_ID,DEPARTMENT_ID) values (139,'John','Seo','JSEO','650.121.2019','1998-02-12','ST_CLERK',2700,null,123,50);
Insert into EMPLOYEES (EMPLOYEE_ID,FIRST_NAME,LAST_NAME,EMAIL,PHONE_NUMBER,HIRE_DATE,JOB_ID,SALARY,COMMISSION_PCT,MANAGER_ID,DEPARTMENT_ID) values (140,'Joshua','Patel','JPATEL','650.121.1834','1998-04-06','ST_CLERK',2500,null,123,50);
Insert into EMPLOYEES (EMPLOYEE_ID,FIRST_NAME,LAST_NAME,EMAIL,PHONE_NUMBER,HIRE_DATE,JOB_ID,SALARY,COMMISSION_PCT,MANAGER_ID,DEPARTMENT_ID) values (141,'Trenna','Rajs','TRAJS','650.121.8009','1995-10-17','ST_CLERK',3500,null,124,50);
Insert into EMPLOYEES (EMPLOYEE_ID,FIRST_NAME,LAST_NAME,EMAIL,PHONE_NUMBER,HIRE_DATE,JOB_ID,SALARY,COMMISSION_PCT,MANAGER_ID,DEPARTMENT_ID) values (142,'Curtis','Davies','CDAVIES','650.121.2994','1997-01-29','ST_CLERK',3100,null,124,50);
Insert into EMPLOYEES (EMPLOYEE_ID,FIRST_NAME,LAST_NAME,EMAIL,PHONE_NUMBER,HIRE_DATE,JOB_ID,SALARY,COMMISSION_PCT,MANAGER_ID,DEPARTMENT_ID) values (143,'Randall','Matos','RMATOS','650.121.2874','1998-03-15','ST_CLERK',2600,null,124,50);
Insert into EMPLOYEES (EMPLOYEE_ID,FIRST_NAME,LAST_NAME,EMAIL,PHONE_NUMBER,HIRE_DATE,JOB_ID,SALARY,COMMISSION_PCT,MANAGER_ID,DEPARTMENT_ID) values (144,'Peter','Vargas','PVARGAS','650.121.2004','1998-07-09','ST_CLERK',2500,null,124,50);
Insert into EMPLOYEES (EMPLOYEE_ID,FIRST_NAME,LAST_NAME,EMAIL,PHONE_NUMBER,HIRE_DATE,JOB_ID,SALARY,COMMISSION_PCT,MANAGER_ID,DEPARTMENT_ID) values (145,'John','Russell','JRUSSEL','011.44.1344.429268','1996-10-01','SA_MAN',14000,0.4,100,80);
Insert into EMPLOYEES (EMPLOYEE_ID,FIRST_NAME,LAST_NAME,EMAIL,PHONE_NUMBER,HIRE_DATE,JOB_ID,SALARY,COMMISSION_PCT,MANAGER_ID,DEPARTMENT_ID) values (146,'Karen','Partners','KPARTNER','011.44.1344.467268','1997-01-05','SA_MAN',13500,0.3,100,80);
Insert into EMPLOYEES (EMPLOYEE_ID,FIRST_NAME,LAST_NAME,EMAIL,PHONE_NUMBER,HIRE_DATE,JOB_ID,SALARY,COMMISSION_PCT,MANAGER_ID,DEPARTMENT_ID) values (147,'Alberto','Errazuriz','AERRAZUR','011.44.1344.429278','1997-03-10','SA_MAN',12000,0.3,100,80);
Insert into EMPLOYEES (EMPLOYEE_ID,FIRST_NAME,LAST_NAME,EMAIL,PHONE_NUMBER,HIRE_DATE,JOB_ID,SALARY,COMMISSION_PCT,MANAGER_ID,DEPARTMENT_ID) values (148,'Gerald','Cambrault','GCAMBRAU','011.44.1344.619268','1999-10-15','SA_MAN',11000,0.3,100,80);
Insert into EMPLOYEES (EMPLOYEE_ID,FIRST_NAME,LAST_NAME,EMAIL,PHONE_NUMBER,HIRE_DATE,JOB_ID,SALARY,COMMISSION_PCT,MANAGER_ID,DEPARTMENT_ID) values (149,'Eleni','Zlotkey','EZLOTKEY','011.44.1344.429018','2000-01-29','SA_MAN',10500,0.2,100,80);
Insert into EMPLOYEES (EMPLOYEE_ID,FIRST_NAME,LAST_NAME,EMAIL,PHONE_NUMBER,HIRE_DATE,JOB_ID,SALARY,COMMISSION_PCT,MANAGER_ID,DEPARTMENT_ID) values (150,'Peter','Tucker','PTUCKER','011.44.1344.129268','1997-01-30','SA_REP',10000,0.3,145,80);
Insert into EMPLOYEES (EMPLOYEE_ID,FIRST_NAME,LAST_NAME,EMAIL,PHONE_NUMBER,HIRE_DATE,JOB_ID,SALARY,COMMISSION_PCT,MANAGER_ID,DEPARTMENT_ID) values (151,'David','Bernstein','DBERNSTE','011.44.1344.345268','1997-03-24','SA_REP',9500,0.25,145,80);
Insert into EMPLOYEES (EMPLOYEE_ID,FIRST_NAME,LAST_NAME,EMAIL,PHONE_NUMBER,HIRE_DATE,JOB_ID,SALARY,COMMISSION_PCT,MANAGER_ID,DEPARTMENT_ID) values (152,'Peter','Hall','PHALL','011.44.1344.478968','1997-08-20','SA_REP',9000,0.25,145,80);
Insert into EMPLOYEES (EMPLOYEE_ID,FIRST_NAME,LAST_NAME,EMAIL,PHONE_NUMBER,HIRE_DATE,JOB_ID,SALARY,COMMISSION_PCT,MANAGER_ID,DEPARTMENT_ID) values (153,'Christopher','Olsen','COLSEN','011.44.1344.498718','1998-03-30','SA_REP',8000,0.2,145,80);
Insert into EMPLOYEES (EMPLOYEE_ID,FIRST_NAME,LAST_NAME,EMAIL,PHONE_NUMBER,HIRE_DATE,JOB_ID,SALARY,COMMISSION_PCT,MANAGER_ID,DEPARTMENT_ID) values (154,'Nanette','Cambrault','NCAMBRAU','011.44.1344.987668','1998-12-09','SA_REP',7500,0.2,145,80);
Insert into EMPLOYEES (EMPLOYEE_ID,FIRST_NAME,LAST_NAME,EMAIL,PHONE_NUMBER,HIRE_DATE,JOB_ID,SALARY,COMMISSION_PCT,MANAGER_ID,DEPARTMENT_ID) values (155,'Oliver','Tuvault','OTUVAULT','011.44.1344.486508','1999-11-23','SA_REP',7000,0.15,145,80);
Insert into EMPLOYEES (EMPLOYEE_ID,FIRST_NAME,LAST_NAME,EMAIL,PHONE_NUMBER,HIRE_DATE,JOB_ID,SALARY,COMMISSION_PCT,MANAGER_ID,DEPARTMENT_ID) values (156,'Janette','King','JKING','011.44.1345.429268','1996-01-30','SA_REP',10000,0.35,146,80);
Insert into EMPLOYEES (EMPLOYEE_ID,FIRST_NAME,LAST_NAME,EMAIL,PHONE_NUMBER,HIRE_DATE,JOB_ID,SALARY,COMMISSION_PCT,MANAGER_ID,DEPARTMENT_ID) values (157,'Patrick','Sully','PSULLY','011.44.1345.929268','1996-03-04','SA_REP',9500,0.35,146,80);
Insert into EMPLOYEES (EMPLOYEE_ID,FIRST_NAME,LAST_NAME,EMAIL,PHONE_NUMBER,HIRE_DATE,JOB_ID,SALARY,COMMISSION_PCT,MANAGER_ID,DEPARTMENT_ID) values (158,'Allan','McEwen','AMCEWEN','011.44.1345.829268','1996-08-01','SA_REP',9000,0.35,146,80);
Insert into EMPLOYEES (EMPLOYEE_ID,FIRST_NAME,LAST_NAME,EMAIL,PHONE_NUMBER,HIRE_DATE,JOB_ID,SALARY,COMMISSION_PCT,MANAGER_ID,DEPARTMENT_ID) values (159,'Lindsey','Smith','LSMITH','011.44.1345.729268','1997-03-10','SA_REP',8000,0.3,146,80);
Insert into EMPLOYEES (EMPLOYEE_ID,FIRST_NAME,LAST_NAME,EMAIL,PHONE_NUMBER,HIRE_DATE,JOB_ID,SALARY,COMMISSION_PCT,MANAGER_ID,DEPARTMENT_ID) values (160,'Louise','Doran','LDORAN','011.44.1345.629268','1997-12-15','SA_REP',7500,0.3,146,80);
Insert into EMPLOYEES (EMPLOYEE_ID,FIRST_NAME,LAST_NAME,EMAIL,PHONE_NUMBER,HIRE_DATE,JOB_ID,SALARY,COMMISSION_PCT,MANAGER_ID,DEPARTMENT_ID) values (161,'Sarath','Sewall','SSEWALL','011.44.1345.529268','1998-11-03','SA_REP',7000,0.25,146,80);
Insert into EMPLOYEES (EMPLOYEE_ID,FIRST_NAME,LAST_NAME,EMAIL,PHONE_NUMBER,HIRE_DATE,JOB_ID,SALARY,COMMISSION_PCT,MANAGER_ID,DEPARTMENT_ID) values (162,'Clara','Vishney','CVISHNEY','011.44.1346.129268','1997-11-11','SA_REP',10500,0.25,147,80);
Insert into EMPLOYEES (EMPLOYEE_ID,FIRST_NAME,LAST_NAME,EMAIL,PHONE_NUMBER,HIRE_DATE,JOB_ID,SALARY,COMMISSION_PCT,MANAGER_ID,DEPARTMENT_ID) values (163,'Danielle','Greene','DGREENE','011.44.1346.229268','1999-03-19','SA_REP',9500,0.15,147,80);
Insert into EMPLOYEES (EMPLOYEE_ID,FIRST_NAME,LAST_NAME,EMAIL,PHONE_NUMBER,HIRE_DATE,JOB_ID,SALARY,COMMISSION_PCT,MANAGER_ID,DEPARTMENT_ID) values (164,'Mattea','Marvins','MMARVINS','011.44.1346.329268','2000-01-24','SA_REP',7200,0.1,147,80);
Insert into EMPLOYEES (EMPLOYEE_ID,FIRST_NAME,LAST_NAME,EMAIL,PHONE_NUMBER,HIRE_DATE,JOB_ID,SALARY,COMMISSION_PCT,MANAGER_ID,DEPARTMENT_ID) values (165,'David','Lee','DLEE','011.44.1346.529268','2000-02-23','SA_REP',6800,0.1,147,80);
Insert into EMPLOYEES (EMPLOYEE_ID,FIRST_NAME,LAST_NAME,EMAIL,PHONE_NUMBER,HIRE_DATE,JOB_ID,SALARY,COMMISSION_PCT,MANAGER_ID,DEPARTMENT_ID) values (166,'Sundar','Ande','SANDE','011.44.1346.629268','2000-03-24','SA_REP',6400,0.1,147,80);
Insert into EMPLOYEES (EMPLOYEE_ID,FIRST_NAME,LAST_NAME,EMAIL,PHONE_NUMBER,HIRE_DATE,JOB_ID,SALARY,COMMISSION_PCT,MANAGER_ID,DEPARTMENT_ID) values (167,'Amit','Banda','ABANDA','011.44.1346.729268','2000-04-21','SA_REP',6200,0.1,147,80);
Insert into EMPLOYEES (EMPLOYEE_ID,FIRST_NAME,LAST_NAME,EMAIL,PHONE_NUMBER,HIRE_DATE,JOB_ID,SALARY,COMMISSION_PCT,MANAGER_ID,DEPARTMENT_ID) values (168,'Lisa','Ozer','LOZER','011.44.1343.929268','1997-03-11','SA_REP',11500,0.25,148,80);
Insert into EMPLOYEES (EMPLOYEE_ID,FIRST_NAME,LAST_NAME,EMAIL,PHONE_NUMBER,HIRE_DATE,JOB_ID,SALARY,COMMISSION_PCT,MANAGER_ID,DEPARTMENT_ID) values (169,'Harrison','Bloom','HBLOOM','011.44.1343.829268','1998-03-23','SA_REP',10000,0.2,148,80);
Insert into EMPLOYEES (EMPLOYEE_ID,FIRST_NAME,LAST_NAME,EMAIL,PHONE_NUMBER,HIRE_DATE,JOB_ID,SALARY,COMMISSION_PCT,MANAGER_ID,DEPARTMENT_ID) values (170,'Tayler','Fox','TFOX','011.44.1343.729268','1998-01-24','SA_REP',9600,0.2,148,80);
Insert into EMPLOYEES (EMPLOYEE_ID,FIRST_NAME,LAST_NAME,EMAIL,PHONE_NUMBER,HIRE_DATE,JOB_ID,SALARY,COMMISSION_PCT,MANAGER_ID,DEPARTMENT_ID) values (171,'William','Smith','WSMITH','011.44.1343.629268','1999-02-23','SA_REP',7400,0.15,148,80);
Insert into EMPLOYEES (EMPLOYEE_ID,FIRST_NAME,LAST_NAME,EMAIL,PHONE_NUMBER,HIRE_DATE,JOB_ID,SALARY,COMMISSION_PCT,MANAGER_ID,DEPARTMENT_ID) values (172,'Elizabeth','Bates','EBATES','011.44.1343.529268','1999-03-24','SA_REP',7300,0.15,148,80);
Insert into EMPLOYEES (EMPLOYEE_ID,FIRST_NAME,LAST_NAME,EMAIL,PHONE_NUMBER,HIRE_DATE,JOB_ID,SALARY,COMMISSION_PCT,MANAGER_ID,DEPARTMENT_ID) values (173,'Sundita','Kumar','SKUMAR','011.44.1343.329268','2000-04-21','SA_REP',6100,0.1,148,80);
Insert into EMPLOYEES (EMPLOYEE_ID,FIRST_NAME,LAST_NAME,EMAIL,PHONE_NUMBER,HIRE_DATE,JOB_ID,SALARY,COMMISSION_PCT,MANAGER_ID,DEPARTMENT_ID) values (174,'Ellen','Abel','EABEL','011.44.1644.429267','1996-05-11','SA_REP',11000,0.3,149,80);
Insert into EMPLOYEES (EMPLOYEE_ID,FIRST_NAME,LAST_NAME,EMAIL,PHONE_NUMBER,HIRE_DATE,JOB_ID,SALARY,COMMISSION_PCT,MANAGER_ID,DEPARTMENT_ID) values (175,'Alyssa','Hutton','AHUTTON','011.44.1644.429266','1997-03-19','SA_REP',8800,0.25,149,80);
Insert into EMPLOYEES (EMPLOYEE_ID,FIRST_NAME,LAST_NAME,EMAIL,PHONE_NUMBER,HIRE_DATE,JOB_ID,SALARY,COMMISSION_PCT,MANAGER_ID,DEPARTMENT_ID) values (176,'Jonathon','Taylor','JTAYLOR','011.44.1644.429265','1998-03-24','SA_REP',8600,0.2,149,80);
Insert into EMPLOYEES (EMPLOYEE_ID,FIRST_NAME,LAST_NAME,EMAIL,PHONE_NUMBER,HIRE_DATE,JOB_ID,SALARY,COMMISSION_PCT,MANAGER_ID,DEPARTMENT_ID) values (177,'Jack','Livingston','JLIVINGS','011.44.1644.429264','1998-04-23','SA_REP',8400,0.2,149,80);
Insert into EMPLOYEES (EMPLOYEE_ID,FIRST_NAME,LAST_NAME,EMAIL,PHONE_NUMBER,HIRE_DATE,JOB_ID,SALARY,COMMISSION_PCT,MANAGER_ID,DEPARTMENT_ID) values (178,'Kimberely','Grant','KGRANT','011.44.1644.429263','1999-05-24','SA_REP',7000,0.15,149,null);
Insert into EMPLOYEES (EMPLOYEE_ID,FIRST_NAME,LAST_NAME,EMAIL,PHONE_NUMBER,HIRE_DATE,JOB_ID,SALARY,COMMISSION_PCT,MANAGER_ID,DEPARTMENT_ID) values (179,'Charles','Johnson','CJOHNSON','011.44.1644.429262','2000-01-04','SA_REP',6200,0.1,149,80);
Insert into EMPLOYEES (EMPLOYEE_ID,FIRST_NAME,LAST_NAME,EMAIL,PHONE_NUMBER,HIRE_DATE,JOB_ID,SALARY,COMMISSION_PCT,MANAGER_ID,DEPARTMENT_ID) values (180,'Winston','Taylor','WTAYLOR','650.507.9876','1998-01-24','SH_CLERK',3200,null,120,50);
Insert into EMPLOYEES (EMPLOYEE_ID,FIRST_NAME,LAST_NAME,EMAIL,PHONE_NUMBER,HIRE_DATE,JOB_ID,SALARY,COMMISSION_PCT,MANAGER_ID,DEPARTMENT_ID) values (181,'Jean','Fleaur','JFLEAUR','650.507.9877','1998-02-23','SH_CLERK',3100,null,120,50);
Insert into EMPLOYEES (EMPLOYEE_ID,FIRST_NAME,LAST_NAME,EMAIL,PHONE_NUMBER,HIRE_DATE,JOB_ID,SALARY,COMMISSION_PCT,MANAGER_ID,DEPARTMENT_ID) values (182,'Martha','Sullivan','MSULLIVA','650.507.9878','1999-06-21','SH_CLERK',2500,null,120,50);
Insert into EMPLOYEES (EMPLOYEE_ID,FIRST_NAME,LAST_NAME,EMAIL,PHONE_NUMBER,HIRE_DATE,JOB_ID,SALARY,COMMISSION_PCT,MANAGER_ID,DEPARTMENT_ID) values (183,'Girard','Geoni','GGEONI','650.507.9879','2000-02-03','SH_CLERK',2800,null,120,50);
Insert into EMPLOYEES (EMPLOYEE_ID,FIRST_NAME,LAST_NAME,EMAIL,PHONE_NUMBER,HIRE_DATE,JOB_ID,SALARY,COMMISSION_PCT,MANAGER_ID,DEPARTMENT_ID) values (184,'Nandita','Sarchand','NSARCHAN','650.509.1876','1996-01-27','SH_CLERK',4200,null,121,50);
Insert into EMPLOYEES (EMPLOYEE_ID,FIRST_NAME,LAST_NAME,EMAIL,PHONE_NUMBER,HIRE_DATE,JOB_ID,SALARY,COMMISSION_PCT,MANAGER_ID,DEPARTMENT_ID) values (185,'Alexis','Bull','ABULL','650.509.2876','1997-02-20','SH_CLERK',4100,null,121,50);
Insert into EMPLOYEES (EMPLOYEE_ID,FIRST_NAME,LAST_NAME,EMAIL,PHONE_NUMBER,HIRE_DATE,JOB_ID,SALARY,COMMISSION_PCT,MANAGER_ID,DEPARTMENT_ID) values (186,'Julia','Dellinger','JDELLING','650.509.3876','1998-06-24','SH_CLERK',3400,null,121,50);
Insert into EMPLOYEES (EMPLOYEE_ID,FIRST_NAME,LAST_NAME,EMAIL,PHONE_NUMBER,HIRE_DATE,JOB_ID,SALARY,COMMISSION_PCT,MANAGER_ID,DEPARTMENT_ID) values (187,'Anthony','Cabrio','ACABRIO','650.509.4876','1999-02-07','SH_CLERK',3000,null,121,50);
Insert into EMPLOYEES (EMPLOYEE_ID,FIRST_NAME,LAST_NAME,EMAIL,PHONE_NUMBER,HIRE_DATE,JOB_ID,SALARY,COMMISSION_PCT,MANAGER_ID,DEPARTMENT_ID) values (188,'Kelly','Chung','KCHUNG','650.505.1876','1997-06-14','SH_CLERK',3800,null,122,50);
Insert into EMPLOYEES (EMPLOYEE_ID,FIRST_NAME,LAST_NAME,EMAIL,PHONE_NUMBER,HIRE_DATE,JOB_ID,SALARY,COMMISSION_PCT,MANAGER_ID,DEPARTMENT_ID) values (189,'Jennifer','Dilly','JDILLY','650.505.2876','1997-08-13','SH_CLERK',3600,null,122,50);
Insert into EMPLOYEES (EMPLOYEE_ID,FIRST_NAME,LAST_NAME,EMAIL,PHONE_NUMBER,HIRE_DATE,JOB_ID,SALARY,COMMISSION_PCT,MANAGER_ID,DEPARTMENT_ID) values (190,'Timothy','Gates','TGATES','650.505.3876','1998-07-11','SH_CLERK',2900,null,122,50);
Insert into EMPLOYEES (EMPLOYEE_ID,FIRST_NAME,LAST_NAME,EMAIL,PHONE_NUMBER,HIRE_DATE,JOB_ID,SALARY,COMMISSION_PCT,MANAGER_ID,DEPARTMENT_ID) values (191,'Randall','Perkins','RPERKINS','650.505.4876','1999-12-19','SH_CLERK',2500,null,122,50);
Insert into EMPLOYEES (EMPLOYEE_ID,FIRST_NAME,LAST_NAME,EMAIL,PHONE_NUMBER,HIRE_DATE,JOB_ID,SALARY,COMMISSION_PCT,MANAGER_ID,DEPARTMENT_ID) values (192,'Sarah','Bell','SBELL','650.501.1876','1996-02-04','SH_CLERK',4000,null,123,50);
Insert into EMPLOYEES (EMPLOYEE_ID,FIRST_NAME,LAST_NAME,EMAIL,PHONE_NUMBER,HIRE_DATE,JOB_ID,SALARY,COMMISSION_PCT,MANAGER_ID,DEPARTMENT_ID) values (193,'Britney','Everett','BEVERETT','650.501.2876','1997-03-03','SH_CLERK',3900,null,123,50);
Insert into EMPLOYEES (EMPLOYEE_ID,FIRST_NAME,LAST_NAME,EMAIL,PHONE_NUMBER,HIRE_DATE,JOB_ID,SALARY,COMMISSION_PCT,MANAGER_ID,DEPARTMENT_ID) values (194,'Samuel','McCain','SMCCAIN','650.501.3876','1998-07-01','SH_CLERK',3200,null,123,50);
Insert into EMPLOYEES (EMPLOYEE_ID,FIRST_NAME,LAST_NAME,EMAIL,PHONE_NUMBER,HIRE_DATE,JOB_ID,SALARY,COMMISSION_PCT,MANAGER_ID,DEPARTMENT_ID) values (195,'Vance','Jones','VJONES','650.501.4876','1999-03-17','SH_CLERK',2800,null,123,50);
Insert into EMPLOYEES (EMPLOYEE_ID,FIRST_NAME,LAST_NAME,EMAIL,PHONE_NUMBER,HIRE_DATE,JOB_ID,SALARY,COMMISSION_PCT,MANAGER_ID,DEPARTMENT_ID) values (196,'Alana','Walsh','AWALSH','650.507.9811','1998-04-24','SH_CLERK',3100,null,124,50);
Insert into EMPLOYEES (EMPLOYEE_ID,FIRST_NAME,LAST_NAME,EMAIL,PHONE_NUMBER,HIRE_DATE,JOB_ID,SALARY,COMMISSION_PCT,MANAGER_ID,DEPARTMENT_ID) values (197,'Kevin','Feeney','KFEENEY','650.507.9822','1998-05-23','SH_CLERK',3000,null,124,50);
Insert into EMPLOYEES (EMPLOYEE_ID,FIRST_NAME,LAST_NAME,EMAIL,PHONE_NUMBER,HIRE_DATE,JOB_ID,SALARY,COMMISSION_PCT,MANAGER_ID,DEPARTMENT_ID) values (198,'Donald','OConnell','DOCONNEL','650.507.9833','1999-06-21','SH_CLERK',2600,null,124,50);
Insert into EMPLOYEES (EMPLOYEE_ID,FIRST_NAME,LAST_NAME,EMAIL,PHONE_NUMBER,HIRE_DATE,JOB_ID,SALARY,COMMISSION_PCT,MANAGER_ID,DEPARTMENT_ID) values (199,'Douglas','Grant','DGRANT','650.507.9844','2000-01-13','SH_CLERK',2600,null,124,50);
Insert into EMPLOYEES (EMPLOYEE_ID,FIRST_NAME,LAST_NAME,EMAIL,PHONE_NUMBER,HIRE_DATE,JOB_ID,SALARY,COMMISSION_PCT,MANAGER_ID,DEPARTMENT_ID) values (200,'Jennifer','Whalen','JWHALEN','515.123.4444','1987-09-17','AD_ASST',4400,null,101,10);
Insert into EMPLOYEES (EMPLOYEE_ID,FIRST_NAME,LAST_NAME,EMAIL,PHONE_NUMBER,HIRE_DATE,JOB_ID,SALARY,COMMISSION_PCT,MANAGER_ID,DEPARTMENT_ID) values (201,'Michael','Hartstein','MHARTSTE','515.123.5555','1996-02-17','MK_MAN',13000,null,100,20);
Insert into EMPLOYEES (EMPLOYEE_ID,FIRST_NAME,LAST_NAME,EMAIL,PHONE_NUMBER,HIRE_DATE,JOB_ID,SALARY,COMMISSION_PCT,MANAGER_ID,DEPARTMENT_ID) values (202,'Pat','Fay','PFAY','603.123.6666','1997-08-17','MK_REP',6000,null,201,20);
Insert into EMPLOYEES (EMPLOYEE_ID,FIRST_NAME,LAST_NAME,EMAIL,PHONE_NUMBER,HIRE_DATE,JOB_ID,SALARY,COMMISSION_PCT,MANAGER_ID,DEPARTMENT_ID) values (203,'Susan','Mavris','SMAVRIS','515.123.7777','1994-06-07','HR_REP',6500,null,101,40);
Insert into EMPLOYEES (EMPLOYEE_ID,FIRST_NAME,LAST_NAME,EMAIL,PHONE_NUMBER,HIRE_DATE,JOB_ID,SALARY,COMMISSION_PCT,MANAGER_ID,DEPARTMENT_ID) values (204,'Hermann','Baer','HBAER','515.123.8888','1994-06-07','PR_REP',10000,null,101,70);
Insert into EMPLOYEES (EMPLOYEE_ID,FIRST_NAME,LAST_NAME,EMAIL,PHONE_NUMBER,HIRE_DATE,JOB_ID,SALARY,COMMISSION_PCT,MANAGER_ID,DEPARTMENT_ID) values (205,'Shelley','Higgins','SHIGGINS','515.123.8080','1994-06-07','AC_MGR',12000,null,101,110);
Insert into EMPLOYEES (EMPLOYEE_ID,FIRST_NAME,LAST_NAME,EMAIL,PHONE_NUMBER,HIRE_DATE,JOB_ID,SALARY,COMMISSION_PCT,MANAGER_ID,DEPARTMENT_ID) values (206,'William','Gietz','WGIETZ','515.123.8181','1994-06-07','AC_ACCOUNT',8300,null,205,110);


--------------------------------------------------------
--  DDL for Table REGIONS
--------------------------------------------------------

CREATE TABLE REGIONS (
  REGION_ID   SERIAL UNIQUE, 
	REGION_NAME VARCHAR(25)
);

Insert into REGIONS (REGION_NAME) values ('Europe');
Insert into REGIONS (REGION_NAME) values ('Americas');
Insert into REGIONS (REGION_NAME) values ('Asia');
Insert into REGIONS (REGION_NAME) values ('Middle East and Africa');

--------------------------------------------------------
--  DDL for Table COUNTRIES
--------------------------------------------------------

CREATE TABLE COUNTRIES (	
	COUNTRY_ID 	  VARCHAR(2) not null primary key,
	COUNTRY_NAME 	VARCHAR(40),
	REGION_ID		  INT REFERENCES REGIONS(REGION_ID)
);

Insert into COUNTRIES (COUNTRY_ID,COUNTRY_NAME,REGION_ID) values ('AR','Argentina',2);
Insert into COUNTRIES (COUNTRY_ID,COUNTRY_NAME,REGION_ID) values ('AU','Australia',3);
Insert into COUNTRIES (COUNTRY_ID,COUNTRY_NAME,REGION_ID) values ('BE','Belgium',1);
Insert into COUNTRIES (COUNTRY_ID,COUNTRY_NAME,REGION_ID) values ('BR','Brazil',2);
Insert into COUNTRIES (COUNTRY_ID,COUNTRY_NAME,REGION_ID) values ('CA','Canada',2);
Insert into COUNTRIES (COUNTRY_ID,COUNTRY_NAME,REGION_ID) values ('CH','Switzerland',1);
Insert into COUNTRIES (COUNTRY_ID,COUNTRY_NAME,REGION_ID) values ('CN','China',3);
Insert into COUNTRIES (COUNTRY_ID,COUNTRY_NAME,REGION_ID) values ('DE','Germany',1);
Insert into COUNTRIES (COUNTRY_ID,COUNTRY_NAME,REGION_ID) values ('DK','Denmark',1);
Insert into COUNTRIES (COUNTRY_ID,COUNTRY_NAME,REGION_ID) values ('EG','Egypt',4);
Insert into COUNTRIES (COUNTRY_ID,COUNTRY_NAME,REGION_ID) values ('FR','France',1);
Insert into COUNTRIES (COUNTRY_ID,COUNTRY_NAME,REGION_ID) values ('HK','HongKong',3);
Insert into COUNTRIES (COUNTRY_ID,COUNTRY_NAME,REGION_ID) values ('IL','Israel',4);
Insert into COUNTRIES (COUNTRY_ID,COUNTRY_NAME,REGION_ID) values ('IN','India',3);
Insert into COUNTRIES (COUNTRY_ID,COUNTRY_NAME,REGION_ID) values ('IT','Italy',1);
Insert into COUNTRIES (COUNTRY_ID,COUNTRY_NAME,REGION_ID) values ('JP','Japan',3);
Insert into COUNTRIES (COUNTRY_ID,COUNTRY_NAME,REGION_ID) values ('KW','Kuwait',4);
Insert into COUNTRIES (COUNTRY_ID,COUNTRY_NAME,REGION_ID) values ('MX','Mexico',2);
Insert into COUNTRIES (COUNTRY_ID,COUNTRY_NAME,REGION_ID) values ('NG','Nigeria',4);
Insert into COUNTRIES (COUNTRY_ID,COUNTRY_NAME,REGION_ID) values ('NL','Netherlands',1);
Insert into COUNTRIES (COUNTRY_ID,COUNTRY_NAME,REGION_ID) values ('SG','Singapore',3);
Insert into COUNTRIES (COUNTRY_ID,COUNTRY_NAME,REGION_ID) values ('UK','United Kingdom',1);
Insert into COUNTRIES (COUNTRY_ID,COUNTRY_NAME,REGION_ID) values ('US','United States of America',2);
Insert into COUNTRIES (COUNTRY_ID,COUNTRY_NAME,REGION_ID) values ('ZM','Zambia',4);
Insert into COUNTRIES (COUNTRY_ID,COUNTRY_NAME,REGION_ID) values ('ZW','Zimbabwe',4);

--------------------------------------------------------
--  DDL for Table LOCATIONS
--------------------------------------------------------

CREATE TABLE LOCATIONS (
  LOCATION_ID     SERIAL UNIQUE, 
	STREET_ADDRESS  VARCHAR(40), 
	POSTAL_CODE     VARCHAR(12), 
	CITY            VARCHAR(30), 
	STATE_PROVINCE  VARCHAR(25), 
	COUNTRY_ID      CHAR(2) REFERENCES COUNTRIES(COUNTRY_ID)
);

Insert into LOCATIONS (LOCATION_ID,STREET_ADDRESS,POSTAL_CODE,CITY,STATE_PROVINCE,COUNTRY_ID) values (1000,'1297 Via Cola di Rie','00989','Roma',null,'IT');
Insert into LOCATIONS (LOCATION_ID,STREET_ADDRESS,POSTAL_CODE,CITY,STATE_PROVINCE,COUNTRY_ID) values (1100,'93091 Calle della Testa','10934','Venice',null,'IT');
Insert into LOCATIONS (LOCATION_ID,STREET_ADDRESS,POSTAL_CODE,CITY,STATE_PROVINCE,COUNTRY_ID) values (1200,'2017 Shinjuku-ku','1689','Tokyo','Tokyo Prefecture','JP');
Insert into LOCATIONS (LOCATION_ID,STREET_ADDRESS,POSTAL_CODE,CITY,STATE_PROVINCE,COUNTRY_ID) values (1300,'9450 Kamiya-cho','6823','Hiroshima',null,'JP');
Insert into LOCATIONS (LOCATION_ID,STREET_ADDRESS,POSTAL_CODE,CITY,STATE_PROVINCE,COUNTRY_ID) values (1400,'2014 Jabberwocky Rd','26192','Southlake','Texas','US');
Insert into LOCATIONS (LOCATION_ID,STREET_ADDRESS,POSTAL_CODE,CITY,STATE_PROVINCE,COUNTRY_ID) values (1500,'2011 Interiors Blvd','99236','South San Francisco','California','US');
Insert into LOCATIONS (LOCATION_ID,STREET_ADDRESS,POSTAL_CODE,CITY,STATE_PROVINCE,COUNTRY_ID) values (1600,'2007 Zagora St','50090','South Brunswick','New Jersey','US');
Insert into LOCATIONS (LOCATION_ID,STREET_ADDRESS,POSTAL_CODE,CITY,STATE_PROVINCE,COUNTRY_ID) values (1700,'2004 Charade Rd','98199','Seattle','Washington','US');
Insert into LOCATIONS (LOCATION_ID,STREET_ADDRESS,POSTAL_CODE,CITY,STATE_PROVINCE,COUNTRY_ID) values (1800,'147 Spadina Ave','M5V 2L7','Toronto','Ontario','CA');
Insert into LOCATIONS (LOCATION_ID,STREET_ADDRESS,POSTAL_CODE,CITY,STATE_PROVINCE,COUNTRY_ID) values (1900,'6092 Boxwood St','YSW 9T2','Whitehorse','Yukon','CA');
Insert into LOCATIONS (LOCATION_ID,STREET_ADDRESS,POSTAL_CODE,CITY,STATE_PROVINCE,COUNTRY_ID) values (2000,'40-5-12 Laogianggen','190518','Beijing',null,'CN');
Insert into LOCATIONS (LOCATION_ID,STREET_ADDRESS,POSTAL_CODE,CITY,STATE_PROVINCE,COUNTRY_ID) values (2100,'1298 Vileparle (E)','490231','Bombay','Maharashtra','IN');
Insert into LOCATIONS (LOCATION_ID,STREET_ADDRESS,POSTAL_CODE,CITY,STATE_PROVINCE,COUNTRY_ID) values (2200,'12-98 Victoria Street','2901','Sydney','New South Wales','AU');
Insert into LOCATIONS (LOCATION_ID,STREET_ADDRESS,POSTAL_CODE,CITY,STATE_PROVINCE,COUNTRY_ID) values (2300,'198 Clementi North','540198','Singapore',null,'SG');
Insert into LOCATIONS (LOCATION_ID,STREET_ADDRESS,POSTAL_CODE,CITY,STATE_PROVINCE,COUNTRY_ID) values (2400,'8204 Arthur St',null,'London',null,'UK');
Insert into LOCATIONS (LOCATION_ID,STREET_ADDRESS,POSTAL_CODE,CITY,STATE_PROVINCE,COUNTRY_ID) values (2500,'Magdalen Centre, The Oxford Science Park','OX9 9ZB','Oxford','Oxford','UK');
Insert into LOCATIONS (LOCATION_ID,STREET_ADDRESS,POSTAL_CODE,CITY,STATE_PROVINCE,COUNTRY_ID) values (2600,'9702 Chester Road','09629850293','Stretford','Manchester','UK');
Insert into LOCATIONS (LOCATION_ID,STREET_ADDRESS,POSTAL_CODE,CITY,STATE_PROVINCE,COUNTRY_ID) values (2700,'Schwanthalerstr. 7031','80925','Munich','Bavaria','DE');
Insert into LOCATIONS (LOCATION_ID,STREET_ADDRESS,POSTAL_CODE,CITY,STATE_PROVINCE,COUNTRY_ID) values (2800,'Rua Frei Caneca 1360 ','01307-002','Sao Paulo','Sao Paulo','BR');
Insert into LOCATIONS (LOCATION_ID,STREET_ADDRESS,POSTAL_CODE,CITY,STATE_PROVINCE,COUNTRY_ID) values (2900,'20 Rue des Corps-Saints','1730','Geneva','Geneve','CH');
Insert into LOCATIONS (LOCATION_ID,STREET_ADDRESS,POSTAL_CODE,CITY,STATE_PROVINCE,COUNTRY_ID) values (3000,'Murtenstrasse 921','3095','Bern','BE','CH');
Insert into LOCATIONS (LOCATION_ID,STREET_ADDRESS,POSTAL_CODE,CITY,STATE_PROVINCE,COUNTRY_ID) values (3100,'Pieter Breughelstraat 837','3029SK','Utrecht','Utrecht','NL');
Insert into LOCATIONS (LOCATION_ID,STREET_ADDRESS,POSTAL_CODE,CITY,STATE_PROVINCE,COUNTRY_ID) values (3200,'Mariano Escobedo 9991','11932','Mexico City','Distrito Federal,','MX');

--------------------------------------------------------
--  DDL for Table DEPARTMENTS
--------------------------------------------------------

CREATE TABLE DEPARTMENTS (
	DEPARTMENT_ID   SERIAL UNIQUE, 
	DEPARTMENT_NAME VARCHAR(30), 
	MANAGER_ID      INT REFERENCES EMPLOYEES(EMPLOYEE_ID), 
	LOCATION_ID     INT REFERENCES LOCATIONS(LOCATION_ID)
);

Insert into DEPARTMENTS (DEPARTMENT_ID,DEPARTMENT_NAME,MANAGER_ID,LOCATION_ID) values (10,'Administration',200,1700);
Insert into DEPARTMENTS (DEPARTMENT_ID,DEPARTMENT_NAME,MANAGER_ID,LOCATION_ID) values (20,'Marketing',201,1800);
Insert into DEPARTMENTS (DEPARTMENT_ID,DEPARTMENT_NAME,MANAGER_ID,LOCATION_ID) values (30,'Purchasing',114,1700);
Insert into DEPARTMENTS (DEPARTMENT_ID,DEPARTMENT_NAME,MANAGER_ID,LOCATION_ID) values (40,'Human Resources',203,2400);
Insert into DEPARTMENTS (DEPARTMENT_ID,DEPARTMENT_NAME,MANAGER_ID,LOCATION_ID) values (50,'Shipping',121,1500);
Insert into DEPARTMENTS (DEPARTMENT_ID,DEPARTMENT_NAME,MANAGER_ID,LOCATION_ID) values (60,'IT',103,1400);
Insert into DEPARTMENTS (DEPARTMENT_ID,DEPARTMENT_NAME,MANAGER_ID,LOCATION_ID) values (70,'Public Relations',204,2700);
Insert into DEPARTMENTS (DEPARTMENT_ID,DEPARTMENT_NAME,MANAGER_ID,LOCATION_ID) values (80,'Sales',145,2500);
Insert into DEPARTMENTS (DEPARTMENT_ID,DEPARTMENT_NAME,MANAGER_ID,LOCATION_ID) values (90,'Executive',100,1700);
Insert into DEPARTMENTS (DEPARTMENT_ID,DEPARTMENT_NAME,MANAGER_ID,LOCATION_ID) values (100,'Finance',108,1700);
Insert into DEPARTMENTS (DEPARTMENT_ID,DEPARTMENT_NAME,MANAGER_ID,LOCATION_ID) values (110,'Accounting',205,1700);
Insert into DEPARTMENTS (DEPARTMENT_ID,DEPARTMENT_NAME,MANAGER_ID,LOCATION_ID) values (120,'Treasury',null,1700);
Insert into DEPARTMENTS (DEPARTMENT_ID,DEPARTMENT_NAME,MANAGER_ID,LOCATION_ID) values (130,'Corporate Tax',null,1700);
Insert into DEPARTMENTS (DEPARTMENT_ID,DEPARTMENT_NAME,MANAGER_ID,LOCATION_ID) values (140,'Control And Credit',null,1700);
Insert into DEPARTMENTS (DEPARTMENT_ID,DEPARTMENT_NAME,MANAGER_ID,LOCATION_ID) values (150,'Shareholder Services',null,1700);
Insert into DEPARTMENTS (DEPARTMENT_ID,DEPARTMENT_NAME,MANAGER_ID,LOCATION_ID) values (160,'Benefits',null,1700);
Insert into DEPARTMENTS (DEPARTMENT_ID,DEPARTMENT_NAME,MANAGER_ID,LOCATION_ID) values (170,'Manufacturing',null,1700);
Insert into DEPARTMENTS (DEPARTMENT_ID,DEPARTMENT_NAME,MANAGER_ID,LOCATION_ID) values (180,'Construction',null,1700);
Insert into DEPARTMENTS (DEPARTMENT_ID,DEPARTMENT_NAME,MANAGER_ID,LOCATION_ID) values (190,'Contracting',null,1700);
Insert into DEPARTMENTS (DEPARTMENT_ID,DEPARTMENT_NAME,MANAGER_ID,LOCATION_ID) values (200,'Operations',null,1700);
Insert into DEPARTMENTS (DEPARTMENT_ID,DEPARTMENT_NAME,MANAGER_ID,LOCATION_ID) values (210,'IT Support',null,1700);
Insert into DEPARTMENTS (DEPARTMENT_ID,DEPARTMENT_NAME,MANAGER_ID,LOCATION_ID) values (220,'NOC',null,1700);
Insert into DEPARTMENTS (DEPARTMENT_ID,DEPARTMENT_NAME,MANAGER_ID,LOCATION_ID) values (230,'IT Helpdesk',null,1700);
Insert into DEPARTMENTS (DEPARTMENT_ID,DEPARTMENT_NAME,MANAGER_ID,LOCATION_ID) values (240,'Government Sales',null,1700);
Insert into DEPARTMENTS (DEPARTMENT_ID,DEPARTMENT_NAME,MANAGER_ID,LOCATION_ID) values (250,'Retail Sales',null,1700);
Insert into DEPARTMENTS (DEPARTMENT_ID,DEPARTMENT_NAME,MANAGER_ID,LOCATION_ID) values (260,'Recruiting',null,1700);
Insert into DEPARTMENTS (DEPARTMENT_ID,DEPARTMENT_NAME,MANAGER_ID,LOCATION_ID) values (270,'Payroll',null,1700);


ALTER TABLE EMPLOYEES ADD CONSTRAINT EMP_DEPT_FK FOREIGN KEY (DEPARTMENT_ID)
	  REFERENCES DEPARTMENTS (DEPARTMENT_ID);

--------------------------------------------------------
--  DDL for Table DEPT
--------------------------------------------------------

CREATE TABLE DEPT (	
	DEPARTMENT_ID   INT REFERENCES DEPARTMENTS(DEPARTMENT_ID), 
	DEPARTMENT_NAME VARCHAR(30)
);

Insert into DEPT (DEPARTMENT_ID,DEPARTMENT_NAME) values (20,'Marketing');
Insert into DEPT (DEPARTMENT_ID,DEPARTMENT_NAME) values (30,'Purchasing');
Insert into DEPT (DEPARTMENT_ID,DEPARTMENT_NAME) values (40,'Human Resources');
Insert into DEPT (DEPARTMENT_ID,DEPARTMENT_NAME) values (50,'Shipping');
Insert into DEPT (DEPARTMENT_ID,DEPARTMENT_NAME) values (60,'IT');
Insert into DEPT (DEPARTMENT_ID,DEPARTMENT_NAME) values (70,'Public Relations');
Insert into DEPT (DEPARTMENT_ID,DEPARTMENT_NAME) values (80,'Sales');
Insert into DEPT (DEPARTMENT_ID,DEPARTMENT_NAME) values (90,'Executive');
Insert into DEPT (DEPARTMENT_ID,DEPARTMENT_NAME) values (100,'Finance');
Insert into DEPT (DEPARTMENT_ID,DEPARTMENT_NAME) values (110,'Accounting');
Insert into DEPT (DEPARTMENT_ID,DEPARTMENT_NAME) values (120,'Treasury');
Insert into DEPT (DEPARTMENT_ID,DEPARTMENT_NAME) values (130,'Corporate Tax');
Insert into DEPT (DEPARTMENT_ID,DEPARTMENT_NAME) values (140,'Control And Credit');
Insert into DEPT (DEPARTMENT_ID,DEPARTMENT_NAME) values (150,'Shareholder Services');
Insert into DEPT (DEPARTMENT_ID,DEPARTMENT_NAME) values (160,'Benefits');
Insert into DEPT (DEPARTMENT_ID,DEPARTMENT_NAME) values (170,'Manufacturing');
Insert into DEPT (DEPARTMENT_ID,DEPARTMENT_NAME) values (180,'Construction');
Insert into DEPT (DEPARTMENT_ID,DEPARTMENT_NAME) values (190,'Contracting');
Insert into DEPT (DEPARTMENT_ID,DEPARTMENT_NAME) values (200,'Operations');
Insert into DEPT (DEPARTMENT_ID,DEPARTMENT_NAME) values (210,'IT Support');
Insert into DEPT (DEPARTMENT_ID,DEPARTMENT_NAME) values (220,'NOC');
Insert into DEPT (DEPARTMENT_ID,DEPARTMENT_NAME) values (230,'IT Helpdesk');
Insert into DEPT (DEPARTMENT_ID,DEPARTMENT_NAME) values (240,'Government Sales');
Insert into DEPT (DEPARTMENT_ID,DEPARTMENT_NAME) values (250,'Retail Sales');
Insert into DEPT (DEPARTMENT_ID,DEPARTMENT_NAME) values (260,'Recruiting');
Insert into DEPT (DEPARTMENT_ID,DEPARTMENT_NAME) values (270,'Payroll');

--------------------------------------------------------
--  DDL for Table EMP
--------------------------------------------------------

CREATE TABLE EMP (
	EMPLOYEE_ID 		INT REFERENCES EMPLOYEES(EMPLOYEE_ID),
	FIRST_NAME 			VARCHAR(20), 
	LAST_NAME 			VARCHAR(25), 
	EMAIL 					VARCHAR(25), 
	PHONE_NUMBER 		VARCHAR(20), 
	HIRE_DATE 			DATE, 
	JOB_ID 					VARCHAR(10) REFERENCES JOBS(JOB_ID), 
	SALARY 					INT, 
	COMMISSION_PCT 	NUMERIC(2,2), 
	MANAGER_ID 			INT REFERENCES EMPLOYEES(EMPLOYEE_ID), 
	DEPARTMENT_ID   INT REFERENCES DEPARTMENTS(DEPARTMENT_ID),
	STARS       		VARCHAR(50)
);

Insert into EMP (EMPLOYEE_ID,FIRST_NAME,LAST_NAME,EMAIL,PHONE_NUMBER,HIRE_DATE,JOB_ID,SALARY,COMMISSION_PCT,MANAGER_ID,DEPARTMENT_ID,STARS) values (100,'Steven','King','SKING','515.123.4567','1987-06-17','AD_PRES',24000,null,null,90,null);
Insert into EMP (EMPLOYEE_ID,FIRST_NAME,LAST_NAME,EMAIL,PHONE_NUMBER,HIRE_DATE,JOB_ID,SALARY,COMMISSION_PCT,MANAGER_ID,DEPARTMENT_ID,STARS) values (101,'Neena','Kochhar','NKOCHHAR','515.123.4568','1989-09-17','AD_VP',17000,null,100,90,null);
Insert into EMP (EMPLOYEE_ID,FIRST_NAME,LAST_NAME,EMAIL,PHONE_NUMBER,HIRE_DATE,JOB_ID,SALARY,COMMISSION_PCT,MANAGER_ID,DEPARTMENT_ID,STARS) values (102,'Lex','De Haan','LDEHAAN','515.123.4569','1993-01-13','AD_VP',17000,null,100,90,null);
Insert into EMP (EMPLOYEE_ID,FIRST_NAME,LAST_NAME,EMAIL,PHONE_NUMBER,HIRE_DATE,JOB_ID,SALARY,COMMISSION_PCT,MANAGER_ID,DEPARTMENT_ID,STARS) values (103,'Alexander','Hunold','AHUNOLD','590.423.4567','1990-01-03','IT_PROG',9000,null,102,60,null);
Insert into EMP (EMPLOYEE_ID,FIRST_NAME,LAST_NAME,EMAIL,PHONE_NUMBER,HIRE_DATE,JOB_ID,SALARY,COMMISSION_PCT,MANAGER_ID,DEPARTMENT_ID,STARS) values (104,'Bruce','Ernst','BERNST','590.423.4568','1991-05-21','IT_PROG',6000,null,103,60,null);
Insert into EMP (EMPLOYEE_ID,FIRST_NAME,LAST_NAME,EMAIL,PHONE_NUMBER,HIRE_DATE,JOB_ID,SALARY,COMMISSION_PCT,MANAGER_ID,DEPARTMENT_ID,STARS) values (105,'David','Austin','DAUSTIN','590.423.4569','1997-06-25','IT_PROG',4800,null,103,60,null);
Insert into EMP (EMPLOYEE_ID,FIRST_NAME,LAST_NAME,EMAIL,PHONE_NUMBER,HIRE_DATE,JOB_ID,SALARY,COMMISSION_PCT,MANAGER_ID,DEPARTMENT_ID,STARS) values (106,'Valli','Pataballa','VPATABAL','590.423.4560','1998-02-05','IT_PROG',4800,null,103,60,null);
Insert into EMP (EMPLOYEE_ID,FIRST_NAME,LAST_NAME,EMAIL,PHONE_NUMBER,HIRE_DATE,JOB_ID,SALARY,COMMISSION_PCT,MANAGER_ID,DEPARTMENT_ID,STARS) values (107,'Diana','Lorentz','DLORENTZ','590.423.5567','1999-02-07','IT_PROG',4200,null,103,60,null);
Insert into EMP (EMPLOYEE_ID,FIRST_NAME,LAST_NAME,EMAIL,PHONE_NUMBER,HIRE_DATE,JOB_ID,SALARY,COMMISSION_PCT,MANAGER_ID,DEPARTMENT_ID,STARS) values (108,'Nancy','Greenberg','NGREENBE','515.124.4569','1994-08-17','FI_MGR',12000,null,101,100,null);
Insert into EMP (EMPLOYEE_ID,FIRST_NAME,LAST_NAME,EMAIL,PHONE_NUMBER,HIRE_DATE,JOB_ID,SALARY,COMMISSION_PCT,MANAGER_ID,DEPARTMENT_ID,STARS) values (109,'Daniel','Faviet','DFAVIET','515.124.4169','1994-08-16','FI_ACCOUNT',9000,null,108,100,null);
Insert into EMP (EMPLOYEE_ID,FIRST_NAME,LAST_NAME,EMAIL,PHONE_NUMBER,HIRE_DATE,JOB_ID,SALARY,COMMISSION_PCT,MANAGER_ID,DEPARTMENT_ID,STARS) values (110,'John','Chen','JCHEN','515.124.4269','1997-09-28','FI_ACCOUNT',8200,null,108,100,null);
Insert into EMP (EMPLOYEE_ID,FIRST_NAME,LAST_NAME,EMAIL,PHONE_NUMBER,HIRE_DATE,JOB_ID,SALARY,COMMISSION_PCT,MANAGER_ID,DEPARTMENT_ID,STARS) values (111,'Ismael','Sciarra','ISCIARRA','515.124.4369','1997-09-30','FI_ACCOUNT',7700,null,108,100,null);
Insert into EMP (EMPLOYEE_ID,FIRST_NAME,LAST_NAME,EMAIL,PHONE_NUMBER,HIRE_DATE,JOB_ID,SALARY,COMMISSION_PCT,MANAGER_ID,DEPARTMENT_ID,STARS) values (112,'Jose Manuel','Urman','JMURMAN','515.124.4469','1998-03-07','FI_ACCOUNT',7800,null,108,100,null);
Insert into EMP (EMPLOYEE_ID,FIRST_NAME,LAST_NAME,EMAIL,PHONE_NUMBER,HIRE_DATE,JOB_ID,SALARY,COMMISSION_PCT,MANAGER_ID,DEPARTMENT_ID,STARS) values (113,'Luis','Popp','LPOPP','515.124.4567','1999-12-07','FI_ACCOUNT',6900,null,108,100,null);
Insert into EMP (EMPLOYEE_ID,FIRST_NAME,LAST_NAME,EMAIL,PHONE_NUMBER,HIRE_DATE,JOB_ID,SALARY,COMMISSION_PCT,MANAGER_ID,DEPARTMENT_ID,STARS) values (114,'Den','Raphaely','DRAPHEAL','515.127.4561','1994-12-07','PU_MAN',11000,null,100,30,null);
Insert into EMP (EMPLOYEE_ID,FIRST_NAME,LAST_NAME,EMAIL,PHONE_NUMBER,HIRE_DATE,JOB_ID,SALARY,COMMISSION_PCT,MANAGER_ID,DEPARTMENT_ID,STARS) values (115,'Alexander','Khoo','AKHOO','515.127.4562','1995-05-18','PU_CLERK',3100,null,114,30,null);
Insert into EMP (EMPLOYEE_ID,FIRST_NAME,LAST_NAME,EMAIL,PHONE_NUMBER,HIRE_DATE,JOB_ID,SALARY,COMMISSION_PCT,MANAGER_ID,DEPARTMENT_ID,STARS) values (116,'Shelli','Baida','SBAIDA','515.127.4563','1997-12-24','PU_CLERK',2900,null,114,30,null);
Insert into EMP (EMPLOYEE_ID,FIRST_NAME,LAST_NAME,EMAIL,PHONE_NUMBER,HIRE_DATE,JOB_ID,SALARY,COMMISSION_PCT,MANAGER_ID,DEPARTMENT_ID,STARS) values (117,'Sigal','Tobias','STOBIAS','515.127.4564','1997-07-24','PU_CLERK',2800,null,114,30,null);
Insert into EMP (EMPLOYEE_ID,FIRST_NAME,LAST_NAME,EMAIL,PHONE_NUMBER,HIRE_DATE,JOB_ID,SALARY,COMMISSION_PCT,MANAGER_ID,DEPARTMENT_ID,STARS) values (118,'Guy','Himuro','GHIMURO','515.127.4565','1998-11-15','PU_CLERK',2600,null,114,30,null);
Insert into EMP (EMPLOYEE_ID,FIRST_NAME,LAST_NAME,EMAIL,PHONE_NUMBER,HIRE_DATE,JOB_ID,SALARY,COMMISSION_PCT,MANAGER_ID,DEPARTMENT_ID,STARS) values (119,'Karen','Colmenares','KCOLMENA','515.127.4566','1999-08-10','PU_CLERK',2500,null,114,30,null);
Insert into EMP (EMPLOYEE_ID,FIRST_NAME,LAST_NAME,EMAIL,PHONE_NUMBER,HIRE_DATE,JOB_ID,SALARY,COMMISSION_PCT,MANAGER_ID,DEPARTMENT_ID,STARS) values (120,'Matthew','Weiss','MWEISS','650.123.1234','1996-07-18','ST_MAN',8000,null,100,50,null);
Insert into EMP (EMPLOYEE_ID,FIRST_NAME,LAST_NAME,EMAIL,PHONE_NUMBER,HIRE_DATE,JOB_ID,SALARY,COMMISSION_PCT,MANAGER_ID,DEPARTMENT_ID,STARS) values (121,'Adam','Fripp','AFRIPP','650.123.2234','1997-04-10','ST_MAN',8200,null,100,50,null);
Insert into EMP (EMPLOYEE_ID,FIRST_NAME,LAST_NAME,EMAIL,PHONE_NUMBER,HIRE_DATE,JOB_ID,SALARY,COMMISSION_PCT,MANAGER_ID,DEPARTMENT_ID,STARS) values (122,'Payam','Kaufling','PKAUFLIN','650.123.3234','1995-05-01','ST_MAN',7900,null,100,50,null);
Insert into EMP (EMPLOYEE_ID,FIRST_NAME,LAST_NAME,EMAIL,PHONE_NUMBER,HIRE_DATE,JOB_ID,SALARY,COMMISSION_PCT,MANAGER_ID,DEPARTMENT_ID,STARS) values (123,'Shanta','Vollman','SVOLLMAN','650.123.4234','1997-10-10','ST_MAN',6500,null,100,50,null);
Insert into EMP (EMPLOYEE_ID,FIRST_NAME,LAST_NAME,EMAIL,PHONE_NUMBER,HIRE_DATE,JOB_ID,SALARY,COMMISSION_PCT,MANAGER_ID,DEPARTMENT_ID,STARS) values (124,'Kevin','Mourgos','KMOURGOS','650.123.5234','1999-11-16','ST_MAN',5800,null,100,50,null);
Insert into EMP (EMPLOYEE_ID,FIRST_NAME,LAST_NAME,EMAIL,PHONE_NUMBER,HIRE_DATE,JOB_ID,SALARY,COMMISSION_PCT,MANAGER_ID,DEPARTMENT_ID,STARS) values (125,'Julia','Nayer','JNAYER','650.124.1214','1997-07-16','ST_CLERK',3200,null,120,50,null);
Insert into EMP (EMPLOYEE_ID,FIRST_NAME,LAST_NAME,EMAIL,PHONE_NUMBER,HIRE_DATE,JOB_ID,SALARY,COMMISSION_PCT,MANAGER_ID,DEPARTMENT_ID,STARS) values (126,'Irene','Mikkilineni','IMIKKILI','650.124.1224','1998-09-28','ST_CLERK',2700,null,120,50,null);
Insert into EMP (EMPLOYEE_ID,FIRST_NAME,LAST_NAME,EMAIL,PHONE_NUMBER,HIRE_DATE,JOB_ID,SALARY,COMMISSION_PCT,MANAGER_ID,DEPARTMENT_ID,STARS) values (127,'James','Landry','JLANDRY','650.124.1334','1999-01-14','ST_CLERK',2400,null,120,50,null);
Insert into EMP (EMPLOYEE_ID,FIRST_NAME,LAST_NAME,EMAIL,PHONE_NUMBER,HIRE_DATE,JOB_ID,SALARY,COMMISSION_PCT,MANAGER_ID,DEPARTMENT_ID,STARS) values (128,'Steven','Markle','SMARKLE','650.124.1434','2000-03-08','ST_CLERK',2200,null,120,50,null);
Insert into EMP (EMPLOYEE_ID,FIRST_NAME,LAST_NAME,EMAIL,PHONE_NUMBER,HIRE_DATE,JOB_ID,SALARY,COMMISSION_PCT,MANAGER_ID,DEPARTMENT_ID,STARS) values (129,'Laura','Bissot','LBISSOT','650.124.5234','1997-08-20','ST_CLERK',3300,null,121,50,null);
Insert into EMP (EMPLOYEE_ID,FIRST_NAME,LAST_NAME,EMAIL,PHONE_NUMBER,HIRE_DATE,JOB_ID,SALARY,COMMISSION_PCT,MANAGER_ID,DEPARTMENT_ID,STARS) values (130,'Mozhe','Atkinson','MATKINSO','650.124.6234','1997-10-30','ST_CLERK',2800,null,121,50,null);
Insert into EMP (EMPLOYEE_ID,FIRST_NAME,LAST_NAME,EMAIL,PHONE_NUMBER,HIRE_DATE,JOB_ID,SALARY,COMMISSION_PCT,MANAGER_ID,DEPARTMENT_ID,STARS) values (131,'James','Marlow','JAMRLOW','650.124.7234','1997-02-16','ST_CLERK',2500,null,121,50,null);
Insert into EMP (EMPLOYEE_ID,FIRST_NAME,LAST_NAME,EMAIL,PHONE_NUMBER,HIRE_DATE,JOB_ID,SALARY,COMMISSION_PCT,MANAGER_ID,DEPARTMENT_ID,STARS) values (132,'TJ','Olson','TJOLSON','650.124.8234','1999-04-10','ST_CLERK',2100,null,121,50,null);
Insert into EMP (EMPLOYEE_ID,FIRST_NAME,LAST_NAME,EMAIL,PHONE_NUMBER,HIRE_DATE,JOB_ID,SALARY,COMMISSION_PCT,MANAGER_ID,DEPARTMENT_ID,STARS) values (133,'Jason','Mallin','JMALLIN','650.127.1934','1996-06-14','ST_CLERK',3300,null,122,50,null);
Insert into EMP (EMPLOYEE_ID,FIRST_NAME,LAST_NAME,EMAIL,PHONE_NUMBER,HIRE_DATE,JOB_ID,SALARY,COMMISSION_PCT,MANAGER_ID,DEPARTMENT_ID,STARS) values (134,'Michael','Rogers','MROGERS','650.127.1834','1998-08-26','ST_CLERK',2900,null,122,50,null);
Insert into EMP (EMPLOYEE_ID,FIRST_NAME,LAST_NAME,EMAIL,PHONE_NUMBER,HIRE_DATE,JOB_ID,SALARY,COMMISSION_PCT,MANAGER_ID,DEPARTMENT_ID,STARS) values (135,'Ki','Gee','KGEE','650.127.1734','1999-12-12','ST_CLERK',2400,null,122,50,null);
Insert into EMP (EMPLOYEE_ID,FIRST_NAME,LAST_NAME,EMAIL,PHONE_NUMBER,HIRE_DATE,JOB_ID,SALARY,COMMISSION_PCT,MANAGER_ID,DEPARTMENT_ID,STARS) values (136,'Hazel','Philtanker','HPHILTAN','650.127.1634','2000-02-06','ST_CLERK',2200,null,122,50,null);
Insert into EMP (EMPLOYEE_ID,FIRST_NAME,LAST_NAME,EMAIL,PHONE_NUMBER,HIRE_DATE,JOB_ID,SALARY,COMMISSION_PCT,MANAGER_ID,DEPARTMENT_ID,STARS) values (137,'Renske','Ladwig','RLADWIG','650.121.1234','1995-07-14','ST_CLERK',3600,null,123,50,null);
Insert into EMP (EMPLOYEE_ID,FIRST_NAME,LAST_NAME,EMAIL,PHONE_NUMBER,HIRE_DATE,JOB_ID,SALARY,COMMISSION_PCT,MANAGER_ID,DEPARTMENT_ID,STARS) values (138,'Stephen','Stiles','SSTILES','650.121.2034','1997-10-26','ST_CLERK',3200,null,123,50,null);
Insert into EMP (EMPLOYEE_ID,FIRST_NAME,LAST_NAME,EMAIL,PHONE_NUMBER,HIRE_DATE,JOB_ID,SALARY,COMMISSION_PCT,MANAGER_ID,DEPARTMENT_ID,STARS) values (139,'John','Seo','JSEO','650.121.2019','1998-02-12','ST_CLERK',2700,null,123,50,null);
Insert into EMP (EMPLOYEE_ID,FIRST_NAME,LAST_NAME,EMAIL,PHONE_NUMBER,HIRE_DATE,JOB_ID,SALARY,COMMISSION_PCT,MANAGER_ID,DEPARTMENT_ID,STARS) values (140,'Joshua','Patel','JPATEL','650.121.1834','1998-04-06','ST_CLERK',2500,null,123,50,null);
Insert into EMP (EMPLOYEE_ID,FIRST_NAME,LAST_NAME,EMAIL,PHONE_NUMBER,HIRE_DATE,JOB_ID,SALARY,COMMISSION_PCT,MANAGER_ID,DEPARTMENT_ID,STARS) values (141,'Trenna','Rajs','TRAJS','650.121.8009','1995-10-17','ST_CLERK',3500,null,124,50,null);
Insert into EMP (EMPLOYEE_ID,FIRST_NAME,LAST_NAME,EMAIL,PHONE_NUMBER,HIRE_DATE,JOB_ID,SALARY,COMMISSION_PCT,MANAGER_ID,DEPARTMENT_ID,STARS) values (142,'Curtis','Davies','CDAVIES','650.121.2994','1997-01-29','ST_CLERK',3100,null,124,50,null);
Insert into EMP (EMPLOYEE_ID,FIRST_NAME,LAST_NAME,EMAIL,PHONE_NUMBER,HIRE_DATE,JOB_ID,SALARY,COMMISSION_PCT,MANAGER_ID,DEPARTMENT_ID,STARS) values (143,'Randall','Matos','RMATOS','650.121.2874','1998-03-15','ST_CLERK',2600,null,124,50,null);
Insert into EMP (EMPLOYEE_ID,FIRST_NAME,LAST_NAME,EMAIL,PHONE_NUMBER,HIRE_DATE,JOB_ID,SALARY,COMMISSION_PCT,MANAGER_ID,DEPARTMENT_ID,STARS) values (144,'Peter','Vargas','PVARGAS','650.121.2004','1998-07-09','ST_CLERK',2500,null,124,50,null);
Insert into EMP (EMPLOYEE_ID,FIRST_NAME,LAST_NAME,EMAIL,PHONE_NUMBER,HIRE_DATE,JOB_ID,SALARY,COMMISSION_PCT,MANAGER_ID,DEPARTMENT_ID,STARS) values (145,'John','Russell','JRUSSEL','011.44.1344.429268','1996-10-01','SA_MAN',14000,0.4,100,80,null);
Insert into EMP (EMPLOYEE_ID,FIRST_NAME,LAST_NAME,EMAIL,PHONE_NUMBER,HIRE_DATE,JOB_ID,SALARY,COMMISSION_PCT,MANAGER_ID,DEPARTMENT_ID,STARS) values (146,'Karen','Partners','KPARTNER','011.44.1344.467268','1997-01-05','SA_MAN',13500,0.3,100,80,null);
Insert into EMP (EMPLOYEE_ID,FIRST_NAME,LAST_NAME,EMAIL,PHONE_NUMBER,HIRE_DATE,JOB_ID,SALARY,COMMISSION_PCT,MANAGER_ID,DEPARTMENT_ID,STARS) values (147,'Alberto','Errazuriz','AERRAZUR','011.44.1344.429278','1997-03-10','SA_MAN',12000,0.3,100,80,null);
Insert into EMP (EMPLOYEE_ID,FIRST_NAME,LAST_NAME,EMAIL,PHONE_NUMBER,HIRE_DATE,JOB_ID,SALARY,COMMISSION_PCT,MANAGER_ID,DEPARTMENT_ID,STARS) values (148,'Gerald','Cambrault','GCAMBRAU','011.44.1344.619268','1999-10-15','SA_MAN',11000,0.3,100,80,null);
Insert into EMP (EMPLOYEE_ID,FIRST_NAME,LAST_NAME,EMAIL,PHONE_NUMBER,HIRE_DATE,JOB_ID,SALARY,COMMISSION_PCT,MANAGER_ID,DEPARTMENT_ID,STARS) values (149,'Eleni','Zlotkey','EZLOTKEY','011.44.1344.429018','2000-01-29','SA_MAN',10500,0.2,100,80,null);
Insert into EMP (EMPLOYEE_ID,FIRST_NAME,LAST_NAME,EMAIL,PHONE_NUMBER,HIRE_DATE,JOB_ID,SALARY,COMMISSION_PCT,MANAGER_ID,DEPARTMENT_ID,STARS) values (150,'Peter','Tucker','PTUCKER','011.44.1344.129268','1997-01-30','SA_REP',10000,0.3,145,80,null);
Insert into EMP (EMPLOYEE_ID,FIRST_NAME,LAST_NAME,EMAIL,PHONE_NUMBER,HIRE_DATE,JOB_ID,SALARY,COMMISSION_PCT,MANAGER_ID,DEPARTMENT_ID,STARS) values (151,'David','Bernstein','DBERNSTE','011.44.1344.345268','1997-03-24','SA_REP',9500,0.25,145,80,null);
Insert into EMP (EMPLOYEE_ID,FIRST_NAME,LAST_NAME,EMAIL,PHONE_NUMBER,HIRE_DATE,JOB_ID,SALARY,COMMISSION_PCT,MANAGER_ID,DEPARTMENT_ID,STARS) values (152,'Peter','Hall','PHALL','011.44.1344.478968','1997-08-20','SA_REP',9000,0.25,145,80,null);
Insert into EMP (EMPLOYEE_ID,FIRST_NAME,LAST_NAME,EMAIL,PHONE_NUMBER,HIRE_DATE,JOB_ID,SALARY,COMMISSION_PCT,MANAGER_ID,DEPARTMENT_ID,STARS) values (153,'Christopher','Olsen','COLSEN','011.44.1344.498718','1998-03-30','SA_REP',8000,0.2,145,80,null);
Insert into EMP (EMPLOYEE_ID,FIRST_NAME,LAST_NAME,EMAIL,PHONE_NUMBER,HIRE_DATE,JOB_ID,SALARY,COMMISSION_PCT,MANAGER_ID,DEPARTMENT_ID,STARS) values (154,'Nanette','Cambrault','NCAMBRAU','011.44.1344.987668','1998-12-09','SA_REP',7500,0.2,145,80,null);
Insert into EMP (EMPLOYEE_ID,FIRST_NAME,LAST_NAME,EMAIL,PHONE_NUMBER,HIRE_DATE,JOB_ID,SALARY,COMMISSION_PCT,MANAGER_ID,DEPARTMENT_ID,STARS) values (155,'Oliver','Tuvault','OTUVAULT','011.44.1344.486508','1999-11-23','SA_REP',7000,0.15,145,80,null);
Insert into EMP (EMPLOYEE_ID,FIRST_NAME,LAST_NAME,EMAIL,PHONE_NUMBER,HIRE_DATE,JOB_ID,SALARY,COMMISSION_PCT,MANAGER_ID,DEPARTMENT_ID,STARS) values (156,'Janette','King','JKING','011.44.1345.429268','1996-01-30','SA_REP',10000,0.35,146,80,null);
Insert into EMP (EMPLOYEE_ID,FIRST_NAME,LAST_NAME,EMAIL,PHONE_NUMBER,HIRE_DATE,JOB_ID,SALARY,COMMISSION_PCT,MANAGER_ID,DEPARTMENT_ID,STARS) values (157,'Patrick','Sully','PSULLY','011.44.1345.929268','1996-03-04','SA_REP',9500,0.35,146,80,null);
Insert into EMP (EMPLOYEE_ID,FIRST_NAME,LAST_NAME,EMAIL,PHONE_NUMBER,HIRE_DATE,JOB_ID,SALARY,COMMISSION_PCT,MANAGER_ID,DEPARTMENT_ID,STARS) values (158,'Allan','McEwen','AMCEWEN','011.44.1345.829268','1996-08-01','SA_REP',9000,0.35,146,80,null);
Insert into EMP (EMPLOYEE_ID,FIRST_NAME,LAST_NAME,EMAIL,PHONE_NUMBER,HIRE_DATE,JOB_ID,SALARY,COMMISSION_PCT,MANAGER_ID,DEPARTMENT_ID,STARS) values (159,'Lindsey','Smith','LSMITH','011.44.1345.729268','1997-03-10','SA_REP',8000,0.3,146,80,null);
Insert into EMP (EMPLOYEE_ID,FIRST_NAME,LAST_NAME,EMAIL,PHONE_NUMBER,HIRE_DATE,JOB_ID,SALARY,COMMISSION_PCT,MANAGER_ID,DEPARTMENT_ID,STARS) values (160,'Louise','Doran','LDORAN','011.44.1345.629268','1997-12-15','SA_REP',7500,0.3,146,80,null);
Insert into EMP (EMPLOYEE_ID,FIRST_NAME,LAST_NAME,EMAIL,PHONE_NUMBER,HIRE_DATE,JOB_ID,SALARY,COMMISSION_PCT,MANAGER_ID,DEPARTMENT_ID,STARS) values (161,'Sarath','Sewall','SSEWALL','011.44.1345.529268','1998-11-03','SA_REP',7000,0.25,146,80,null);
Insert into EMP (EMPLOYEE_ID,FIRST_NAME,LAST_NAME,EMAIL,PHONE_NUMBER,HIRE_DATE,JOB_ID,SALARY,COMMISSION_PCT,MANAGER_ID,DEPARTMENT_ID,STARS) values (162,'Clara','Vishney','CVISHNEY','011.44.1346.129268','1997-11-11','SA_REP',10500,0.25,147,80,null);
Insert into EMP (EMPLOYEE_ID,FIRST_NAME,LAST_NAME,EMAIL,PHONE_NUMBER,HIRE_DATE,JOB_ID,SALARY,COMMISSION_PCT,MANAGER_ID,DEPARTMENT_ID,STARS) values (163,'Danielle','Greene','DGREENE','011.44.1346.229268','1999-03-19','SA_REP',9500,0.15,147,80,null);
Insert into EMP (EMPLOYEE_ID,FIRST_NAME,LAST_NAME,EMAIL,PHONE_NUMBER,HIRE_DATE,JOB_ID,SALARY,COMMISSION_PCT,MANAGER_ID,DEPARTMENT_ID,STARS) values (164,'Mattea','Marvins','MMARVINS','011.44.1346.329268','2000-01-24','SA_REP',7200,0.1,147,80,null);
Insert into EMP (EMPLOYEE_ID,FIRST_NAME,LAST_NAME,EMAIL,PHONE_NUMBER,HIRE_DATE,JOB_ID,SALARY,COMMISSION_PCT,MANAGER_ID,DEPARTMENT_ID,STARS) values (165,'David','Lee','DLEE','011.44.1346.529268','2000-02-23','SA_REP',6800,0.1,147,80,null);
Insert into EMP (EMPLOYEE_ID,FIRST_NAME,LAST_NAME,EMAIL,PHONE_NUMBER,HIRE_DATE,JOB_ID,SALARY,COMMISSION_PCT,MANAGER_ID,DEPARTMENT_ID,STARS) values (166,'Sundar','Ande','SANDE','011.44.1346.629268','2000-03-24','SA_REP',6400,0.1,147,80,null);
Insert into EMP (EMPLOYEE_ID,FIRST_NAME,LAST_NAME,EMAIL,PHONE_NUMBER,HIRE_DATE,JOB_ID,SALARY,COMMISSION_PCT,MANAGER_ID,DEPARTMENT_ID,STARS) values (167,'Amit','Banda','ABANDA','011.44.1346.729268','2000-04-21','SA_REP',6200,0.1,147,80,null);
Insert into EMP (EMPLOYEE_ID,FIRST_NAME,LAST_NAME,EMAIL,PHONE_NUMBER,HIRE_DATE,JOB_ID,SALARY,COMMISSION_PCT,MANAGER_ID,DEPARTMENT_ID,STARS) values (168,'Lisa','Ozer','LOZER','011.44.1343.929268','1997-03-11','SA_REP',11500,0.25,148,80,null);
Insert into EMP (EMPLOYEE_ID,FIRST_NAME,LAST_NAME,EMAIL,PHONE_NUMBER,HIRE_DATE,JOB_ID,SALARY,COMMISSION_PCT,MANAGER_ID,DEPARTMENT_ID,STARS) values (169,'Harrison','Bloom','HBLOOM','011.44.1343.829268','1998-03-23','SA_REP',10000,0.2,148,80,null);
Insert into EMP (EMPLOYEE_ID,FIRST_NAME,LAST_NAME,EMAIL,PHONE_NUMBER,HIRE_DATE,JOB_ID,SALARY,COMMISSION_PCT,MANAGER_ID,DEPARTMENT_ID,STARS) values (170,'Tayler','Fox','TFOX','011.44.1343.729268','1998-01-24','SA_REP',9600,0.2,148,80,null);
Insert into EMP (EMPLOYEE_ID,FIRST_NAME,LAST_NAME,EMAIL,PHONE_NUMBER,HIRE_DATE,JOB_ID,SALARY,COMMISSION_PCT,MANAGER_ID,DEPARTMENT_ID,STARS) values (171,'William','Smith','WSMITH','011.44.1343.629268','1999-02-23','SA_REP',7400,0.15,148,80,null);
Insert into EMP (EMPLOYEE_ID,FIRST_NAME,LAST_NAME,EMAIL,PHONE_NUMBER,HIRE_DATE,JOB_ID,SALARY,COMMISSION_PCT,MANAGER_ID,DEPARTMENT_ID,STARS) values (172,'Elizabeth','Bates','EBATES','011.44.1343.529268','1999-03-24','SA_REP',7300,0.15,148,80,null);
Insert into EMP (EMPLOYEE_ID,FIRST_NAME,LAST_NAME,EMAIL,PHONE_NUMBER,HIRE_DATE,JOB_ID,SALARY,COMMISSION_PCT,MANAGER_ID,DEPARTMENT_ID,STARS) values (173,'Sundita','Kumar','SKUMAR','011.44.1343.329268','2000-04-21','SA_REP',6100,0.1,148,80,null);
Insert into EMP (EMPLOYEE_ID,FIRST_NAME,LAST_NAME,EMAIL,PHONE_NUMBER,HIRE_DATE,JOB_ID,SALARY,COMMISSION_PCT,MANAGER_ID,DEPARTMENT_ID,STARS) values (174,'Ellen','Abel','EABEL','011.44.1644.429267','1996-05-11','SA_REP',11000,0.3,149,80,null);
Insert into EMP (EMPLOYEE_ID,FIRST_NAME,LAST_NAME,EMAIL,PHONE_NUMBER,HIRE_DATE,JOB_ID,SALARY,COMMISSION_PCT,MANAGER_ID,DEPARTMENT_ID,STARS) values (175,'Alyssa','Hutton','AHUTTON','011.44.1644.429266','1997-03-19','SA_REP',8800,0.25,149,80,null);
Insert into EMP (EMPLOYEE_ID,FIRST_NAME,LAST_NAME,EMAIL,PHONE_NUMBER,HIRE_DATE,JOB_ID,SALARY,COMMISSION_PCT,MANAGER_ID,DEPARTMENT_ID,STARS) values (176,'Jonathon','Taylor','JTAYLOR','011.44.1644.429265','1998-03-24','SA_REP',8600,0.2,149,80,'*********');
Insert into EMP (EMPLOYEE_ID,FIRST_NAME,LAST_NAME,EMAIL,PHONE_NUMBER,HIRE_DATE,JOB_ID,SALARY,COMMISSION_PCT,MANAGER_ID,DEPARTMENT_ID,STARS) values (177,'Jack','Livingston','JLIVINGS','011.44.1644.429264','1998-04-23','SA_REP',8400,0.2,149,80,null);
Insert into EMP (EMPLOYEE_ID,FIRST_NAME,LAST_NAME,EMAIL,PHONE_NUMBER,HIRE_DATE,JOB_ID,SALARY,COMMISSION_PCT,MANAGER_ID,DEPARTMENT_ID,STARS) values (178,'Kimberely','Grant','KGRANT','011.44.1644.429263','1999-05-24','SA_REP',7000,0.15,149,null,null);
Insert into EMP (EMPLOYEE_ID,FIRST_NAME,LAST_NAME,EMAIL,PHONE_NUMBER,HIRE_DATE,JOB_ID,SALARY,COMMISSION_PCT,MANAGER_ID,DEPARTMENT_ID,STARS) values (179,'Charles','Johnson','CJOHNSON','011.44.1644.429262','2000-01-04','SA_REP',6200,0.1,149,80,null);
Insert into EMP (EMPLOYEE_ID,FIRST_NAME,LAST_NAME,EMAIL,PHONE_NUMBER,HIRE_DATE,JOB_ID,SALARY,COMMISSION_PCT,MANAGER_ID,DEPARTMENT_ID,STARS) values (180,'Winston','Taylor','WTAYLOR','650.507.9876','1998-01-24','SH_CLERK',3200,null,120,50,null);
Insert into EMP (EMPLOYEE_ID,FIRST_NAME,LAST_NAME,EMAIL,PHONE_NUMBER,HIRE_DATE,JOB_ID,SALARY,COMMISSION_PCT,MANAGER_ID,DEPARTMENT_ID,STARS) values (181,'Jean','Fleaur','JFLEAUR','650.507.9877','1998-02-23','SH_CLERK',3100,null,120,50,null);
Insert into EMP (EMPLOYEE_ID,FIRST_NAME,LAST_NAME,EMAIL,PHONE_NUMBER,HIRE_DATE,JOB_ID,SALARY,COMMISSION_PCT,MANAGER_ID,DEPARTMENT_ID,STARS) values (182,'Martha','Sullivan','MSULLIVA','650.507.9878','1999-06-21','SH_CLERK',2500,null,120,50,null);
Insert into EMP (EMPLOYEE_ID,FIRST_NAME,LAST_NAME,EMAIL,PHONE_NUMBER,HIRE_DATE,JOB_ID,SALARY,COMMISSION_PCT,MANAGER_ID,DEPARTMENT_ID,STARS) values (183,'Girard','Geoni','GGEONI','650.507.9879','2000-02-03','SH_CLERK',2800,null,120,50,null);
Insert into EMP (EMPLOYEE_ID,FIRST_NAME,LAST_NAME,EMAIL,PHONE_NUMBER,HIRE_DATE,JOB_ID,SALARY,COMMISSION_PCT,MANAGER_ID,DEPARTMENT_ID,STARS) values (184,'Nandita','Sarchand','NSARCHAN','650.509.1876','1996-01-27','SH_CLERK',4200,null,121,50,null);
Insert into EMP (EMPLOYEE_ID,FIRST_NAME,LAST_NAME,EMAIL,PHONE_NUMBER,HIRE_DATE,JOB_ID,SALARY,COMMISSION_PCT,MANAGER_ID,DEPARTMENT_ID,STARS) values (185,'Alexis','Bull','ABULL','650.509.2876','1997-02-20','SH_CLERK',4100,null,121,50,null);
Insert into EMP (EMPLOYEE_ID,FIRST_NAME,LAST_NAME,EMAIL,PHONE_NUMBER,HIRE_DATE,JOB_ID,SALARY,COMMISSION_PCT,MANAGER_ID,DEPARTMENT_ID,STARS) values (186,'Julia','Dellinger','JDELLING','650.509.3876','1998-06-24','SH_CLERK',3400,null,121,50,null);
Insert into EMP (EMPLOYEE_ID,FIRST_NAME,LAST_NAME,EMAIL,PHONE_NUMBER,HIRE_DATE,JOB_ID,SALARY,COMMISSION_PCT,MANAGER_ID,DEPARTMENT_ID,STARS) values (187,'Anthony','Cabrio','ACABRIO','650.509.4876','1999-02-07','SH_CLERK',3000,null,121,50,null);
Insert into EMP (EMPLOYEE_ID,FIRST_NAME,LAST_NAME,EMAIL,PHONE_NUMBER,HIRE_DATE,JOB_ID,SALARY,COMMISSION_PCT,MANAGER_ID,DEPARTMENT_ID,STARS) values (188,'Kelly','Chung','KCHUNG','650.505.1876','1997-06-14','SH_CLERK',3800,null,122,50,null);
Insert into EMP (EMPLOYEE_ID,FIRST_NAME,LAST_NAME,EMAIL,PHONE_NUMBER,HIRE_DATE,JOB_ID,SALARY,COMMISSION_PCT,MANAGER_ID,DEPARTMENT_ID,STARS) values (189,'Jennifer','Dilly','JDILLY','650.505.2876','1997-08-13','SH_CLERK',3600,null,122,50,null);
Insert into EMP (EMPLOYEE_ID,FIRST_NAME,LAST_NAME,EMAIL,PHONE_NUMBER,HIRE_DATE,JOB_ID,SALARY,COMMISSION_PCT,MANAGER_ID,DEPARTMENT_ID,STARS) values (190,'Timothy','Gates','TGATES','650.505.3876','1998-07-11','SH_CLERK',2900,null,122,50,null);
Insert into EMP (EMPLOYEE_ID,FIRST_NAME,LAST_NAME,EMAIL,PHONE_NUMBER,HIRE_DATE,JOB_ID,SALARY,COMMISSION_PCT,MANAGER_ID,DEPARTMENT_ID,STARS) values (191,'Randall','Perkins','RPERKINS','650.505.4876','1999-12-19','SH_CLERK',2500,null,122,50,null);
Insert into EMP (EMPLOYEE_ID,FIRST_NAME,LAST_NAME,EMAIL,PHONE_NUMBER,HIRE_DATE,JOB_ID,SALARY,COMMISSION_PCT,MANAGER_ID,DEPARTMENT_ID,STARS) values (192,'Sarah','Bell','SBELL','650.501.1876','1996-02-04','SH_CLERK',4000,null,123,50,null);
Insert into EMP (EMPLOYEE_ID,FIRST_NAME,LAST_NAME,EMAIL,PHONE_NUMBER,HIRE_DATE,JOB_ID,SALARY,COMMISSION_PCT,MANAGER_ID,DEPARTMENT_ID,STARS) values (193,'Britney','Everett','BEVERETT','650.501.2876','1997-03-03','SH_CLERK',3900,null,123,50,null);
Insert into EMP (EMPLOYEE_ID,FIRST_NAME,LAST_NAME,EMAIL,PHONE_NUMBER,HIRE_DATE,JOB_ID,SALARY,COMMISSION_PCT,MANAGER_ID,DEPARTMENT_ID,STARS) values (194,'Samuel','McCain','SMCCAIN','650.501.3876','1998-07-01','SH_CLERK',3200,null,123,50,null);
Insert into EMP (EMPLOYEE_ID,FIRST_NAME,LAST_NAME,EMAIL,PHONE_NUMBER,HIRE_DATE,JOB_ID,SALARY,COMMISSION_PCT,MANAGER_ID,DEPARTMENT_ID,STARS) values (195,'Vance','Jones','VJONES','650.501.4876','1999-03-17','SH_CLERK',2800,null,123,50,null);
Insert into EMP (EMPLOYEE_ID,FIRST_NAME,LAST_NAME,EMAIL,PHONE_NUMBER,HIRE_DATE,JOB_ID,SALARY,COMMISSION_PCT,MANAGER_ID,DEPARTMENT_ID,STARS) values (196,'Alana','Walsh','AWALSH','650.507.9811','1998-04-24','SH_CLERK',3100,null,124,50,null);
Insert into EMP (EMPLOYEE_ID,FIRST_NAME,LAST_NAME,EMAIL,PHONE_NUMBER,HIRE_DATE,JOB_ID,SALARY,COMMISSION_PCT,MANAGER_ID,DEPARTMENT_ID,STARS) values (197,'Kevin','Feeney','KFEENEY','650.507.9822','1998-05-23','SH_CLERK',3000,null,124,50,null);
Insert into EMP (EMPLOYEE_ID,FIRST_NAME,LAST_NAME,EMAIL,PHONE_NUMBER,HIRE_DATE,JOB_ID,SALARY,COMMISSION_PCT,MANAGER_ID,DEPARTMENT_ID,STARS) values (198,'Donald','OConnell','DOCONNEL','650.507.9833','1999-06-21','SH_CLERK',2600,null,124,50,null);
Insert into EMP (EMPLOYEE_ID,FIRST_NAME,LAST_NAME,EMAIL,PHONE_NUMBER,HIRE_DATE,JOB_ID,SALARY,COMMISSION_PCT,MANAGER_ID,DEPARTMENT_ID,STARS) values (199,'Douglas','Grant','DGRANT','650.507.9844','2000-01-13','SH_CLERK',2600,null,124,50,null);
Insert into EMP (EMPLOYEE_ID,FIRST_NAME,LAST_NAME,EMAIL,PHONE_NUMBER,HIRE_DATE,JOB_ID,SALARY,COMMISSION_PCT,MANAGER_ID,DEPARTMENT_ID,STARS) values (200,'Jennifer','Whalen','JWHALEN','515.123.4444','1987-09-17','AD_ASST',4400,null,101,10,null);
Insert into EMP (EMPLOYEE_ID,FIRST_NAME,LAST_NAME,EMAIL,PHONE_NUMBER,HIRE_DATE,JOB_ID,SALARY,COMMISSION_PCT,MANAGER_ID,DEPARTMENT_ID,STARS) values (201,'Michael','Hartstein','MHARTSTE','515.123.5555','1996-02-17','MK_MAN',13000,null,100,20,null);
Insert into EMP (EMPLOYEE_ID,FIRST_NAME,LAST_NAME,EMAIL,PHONE_NUMBER,HIRE_DATE,JOB_ID,SALARY,COMMISSION_PCT,MANAGER_ID,DEPARTMENT_ID,STARS) values (202,'Pat','Fay','PFAY','603.123.6666','1997-08-17','MK_REP',6000,null,201,20,null);
Insert into EMP (EMPLOYEE_ID,FIRST_NAME,LAST_NAME,EMAIL,PHONE_NUMBER,HIRE_DATE,JOB_ID,SALARY,COMMISSION_PCT,MANAGER_ID,DEPARTMENT_ID,STARS) values (203,'Susan','Mavris','SMAVRIS','515.123.7777','1994-06-07','HR_REP',6500,null,101,40,null);
Insert into EMP (EMPLOYEE_ID,FIRST_NAME,LAST_NAME,EMAIL,PHONE_NUMBER,HIRE_DATE,JOB_ID,SALARY,COMMISSION_PCT,MANAGER_ID,DEPARTMENT_ID,STARS) values (204,'Hermann','Baer','HBAER','515.123.8888','1994-06-07','PR_REP',10000,null,101,70,null);
Insert into EMP (EMPLOYEE_ID,FIRST_NAME,LAST_NAME,EMAIL,PHONE_NUMBER,HIRE_DATE,JOB_ID,SALARY,COMMISSION_PCT,MANAGER_ID,DEPARTMENT_ID,STARS) values (205,'Shelley','Higgins','SHIGGINS','515.123.8080','1994-06-07','AC_MGR',12000,null,101,110,null);
Insert into EMP (EMPLOYEE_ID,FIRST_NAME,LAST_NAME,EMAIL,PHONE_NUMBER,HIRE_DATE,JOB_ID,SALARY,COMMISSION_PCT,MANAGER_ID,DEPARTMENT_ID,STARS) values (206,'William','Gietz','WGIETZ','515.123.8181','1994-06-07','AC_ACCOUNT',8300,null,205,110,null);

--------------------------------------------------------
--  DDL for Table EMPEXERC5
--------------------------------------------------------

CREATE TABLE EMPEXERC5 (
  EMPLOYEE_ID 		INT REFERENCES EMPLOYEES(EMPLOYEE_ID),
	FIRST_NAME      VARCHAR(20), 
	LAST_NAME       VARCHAR(25), 
	EMAIL           VARCHAR(25), 
	PHONE_NUMBER    VARCHAR(20), 
	HIRE_DATE       DATE, 
	JOB_ID 					VARCHAR(10) REFERENCES JOBS(JOB_ID), 
	SALARY          INT, 
	COMMISSION_PCT  NUMERIC(2,2), 
	MANAGER_ID 			INT REFERENCES EMPLOYEES(EMPLOYEE_ID), 
	DEPARTMENT_ID   INT REFERENCES DEPARTMENTS(DEPARTMENT_ID),
	STARS           VARCHAR(50)
);

Insert into EMPEXERC5 (EMPLOYEE_ID,FIRST_NAME,LAST_NAME,EMAIL,PHONE_NUMBER,HIRE_DATE,JOB_ID,SALARY,COMMISSION_PCT,MANAGER_ID,DEPARTMENT_ID,STARS) values (100,'Steven','King','SKING','515.123.4567','1987-06-17','AD_PRES',24000,null,null,90,null);
Insert into EMPEXERC5 (EMPLOYEE_ID,FIRST_NAME,LAST_NAME,EMAIL,PHONE_NUMBER,HIRE_DATE,JOB_ID,SALARY,COMMISSION_PCT,MANAGER_ID,DEPARTMENT_ID,STARS) values (101,'Neena','Kochhar','NKOCHHAR','515.123.4568','1989-09-21','AD_VP',17000,null,100,90,null);
Insert into EMPEXERC5 (EMPLOYEE_ID,FIRST_NAME,LAST_NAME,EMAIL,PHONE_NUMBER,HIRE_DATE,JOB_ID,SALARY,COMMISSION_PCT,MANAGER_ID,DEPARTMENT_ID,STARS) values (102,'Lex','De Haan','LDEHAAN','515.123.4569','1993-01-13','AD_VP',17000,null,100,90,null);
Insert into EMPEXERC5 (EMPLOYEE_ID,FIRST_NAME,LAST_NAME,EMAIL,PHONE_NUMBER,HIRE_DATE,JOB_ID,SALARY,COMMISSION_PCT,MANAGER_ID,DEPARTMENT_ID,STARS) values (103,'Alexander','Hunold','AHUNOLD','590.423.4567','1990-01-03','IT_PROG',9000,null,102,60,null);
Insert into EMPEXERC5 (EMPLOYEE_ID,FIRST_NAME,LAST_NAME,EMAIL,PHONE_NUMBER,HIRE_DATE,JOB_ID,SALARY,COMMISSION_PCT,MANAGER_ID,DEPARTMENT_ID,STARS) values (104,'Bruce','Ernst','BERNST','590.423.4568','1991-05-21','IT_PROG',6000,null,103,60,null);
Insert into EMPEXERC5 (EMPLOYEE_ID,FIRST_NAME,LAST_NAME,EMAIL,PHONE_NUMBER,HIRE_DATE,JOB_ID,SALARY,COMMISSION_PCT,MANAGER_ID,DEPARTMENT_ID,STARS) values (105,'David','Austin','DAUSTIN','590.423.4569','1997-06-25','IT_PROG',4800,null,103,60,null);
Insert into EMPEXERC5 (EMPLOYEE_ID,FIRST_NAME,LAST_NAME,EMAIL,PHONE_NUMBER,HIRE_DATE,JOB_ID,SALARY,COMMISSION_PCT,MANAGER_ID,DEPARTMENT_ID,STARS) values (106,'Valli','Pataballa','VPATABAL','590.423.4560','1998-02-05','IT_PROG',4800,null,103,60,null);
Insert into EMPEXERC5 (EMPLOYEE_ID,FIRST_NAME,LAST_NAME,EMAIL,PHONE_NUMBER,HIRE_DATE,JOB_ID,SALARY,COMMISSION_PCT,MANAGER_ID,DEPARTMENT_ID,STARS) values (107,'Diana','Lorentz','DLORENTZ','590.423.5567','1999-02-07','IT_PROG',4200,null,103,60,null);
Insert into EMPEXERC5 (EMPLOYEE_ID,FIRST_NAME,LAST_NAME,EMAIL,PHONE_NUMBER,HIRE_DATE,JOB_ID,SALARY,COMMISSION_PCT,MANAGER_ID,DEPARTMENT_ID,STARS) values (108,'Nancy','Greenberg','NGREENBE','515.124.4569','1994-08-17','FI_MGR',12000,null,101,100,null);
Insert into EMPEXERC5 (EMPLOYEE_ID,FIRST_NAME,LAST_NAME,EMAIL,PHONE_NUMBER,HIRE_DATE,JOB_ID,SALARY,COMMISSION_PCT,MANAGER_ID,DEPARTMENT_ID,STARS) values (109,'Daniel','Faviet','DFAVIET','515.124.4169','1994-08-16','FI_ACCOUNT',9000,null,108,100,null);
Insert into EMPEXERC5 (EMPLOYEE_ID,FIRST_NAME,LAST_NAME,EMAIL,PHONE_NUMBER,HIRE_DATE,JOB_ID,SALARY,COMMISSION_PCT,MANAGER_ID,DEPARTMENT_ID,STARS) values (110,'John','Chen','JCHEN','515.124.4269','1997-09-28','FI_ACCOUNT',8200,null,108,100,null);
Insert into EMPEXERC5 (EMPLOYEE_ID,FIRST_NAME,LAST_NAME,EMAIL,PHONE_NUMBER,HIRE_DATE,JOB_ID,SALARY,COMMISSION_PCT,MANAGER_ID,DEPARTMENT_ID,STARS) values (111,'Ismael','Sciarra','ISCIARRA','515.124.4369','1997-09-30','FI_ACCOUNT',7700,null,108,100,null);
Insert into EMPEXERC5 (EMPLOYEE_ID,FIRST_NAME,LAST_NAME,EMAIL,PHONE_NUMBER,HIRE_DATE,JOB_ID,SALARY,COMMISSION_PCT,MANAGER_ID,DEPARTMENT_ID,STARS) values (112,'Jose Manuel','Urman','JMURMAN','515.124.4469','1998-03-07','FI_ACCOUNT',7800,null,108,100,null);
Insert into EMPEXERC5 (EMPLOYEE_ID,FIRST_NAME,LAST_NAME,EMAIL,PHONE_NUMBER,HIRE_DATE,JOB_ID,SALARY,COMMISSION_PCT,MANAGER_ID,DEPARTMENT_ID,STARS) values (113,'Luis','Popp','LPOPP','515.124.4567','1999-12-07','FI_ACCOUNT',6900,null,108,100,null);
Insert into EMPEXERC5 (EMPLOYEE_ID,FIRST_NAME,LAST_NAME,EMAIL,PHONE_NUMBER,HIRE_DATE,JOB_ID,SALARY,COMMISSION_PCT,MANAGER_ID,DEPARTMENT_ID,STARS) values (114,'Den','Raphaely','DRAPHEAL','515.127.4561','1994-12-07','PU_MAN',11000,null,100,30,null);
Insert into EMPEXERC5 (EMPLOYEE_ID,FIRST_NAME,LAST_NAME,EMAIL,PHONE_NUMBER,HIRE_DATE,JOB_ID,SALARY,COMMISSION_PCT,MANAGER_ID,DEPARTMENT_ID,STARS) values (115,'Alexander','Khoo','AKHOO','515.127.4562','1995-05-18','PU_CLERK',3100,null,114,30,null);
Insert into EMPEXERC5 (EMPLOYEE_ID,FIRST_NAME,LAST_NAME,EMAIL,PHONE_NUMBER,HIRE_DATE,JOB_ID,SALARY,COMMISSION_PCT,MANAGER_ID,DEPARTMENT_ID,STARS) values (116,'Shelli','Baida','SBAIDA','515.127.4563','1997-12-24','PU_CLERK',2900,null,114,30,null);
Insert into EMPEXERC5 (EMPLOYEE_ID,FIRST_NAME,LAST_NAME,EMAIL,PHONE_NUMBER,HIRE_DATE,JOB_ID,SALARY,COMMISSION_PCT,MANAGER_ID,DEPARTMENT_ID,STARS) values (117,'Sigal','Tobias','STOBIAS','515.127.4564','1997-07-24','PU_CLERK',2800,null,114,30,null);
Insert into EMPEXERC5 (EMPLOYEE_ID,FIRST_NAME,LAST_NAME,EMAIL,PHONE_NUMBER,HIRE_DATE,JOB_ID,SALARY,COMMISSION_PCT,MANAGER_ID,DEPARTMENT_ID,STARS) values (118,'Guy','Himuro','GHIMURO','515.127.4565','1998-11-15','PU_CLERK',2600,null,114,30,null);
Insert into EMPEXERC5 (EMPLOYEE_ID,FIRST_NAME,LAST_NAME,EMAIL,PHONE_NUMBER,HIRE_DATE,JOB_ID,SALARY,COMMISSION_PCT,MANAGER_ID,DEPARTMENT_ID,STARS) values (119,'Karen','Colmenares','KCOLMENA','515.127.4566','1999-08-10','PU_CLERK',2500,null,114,30,null);
Insert into EMPEXERC5 (EMPLOYEE_ID,FIRST_NAME,LAST_NAME,EMAIL,PHONE_NUMBER,HIRE_DATE,JOB_ID,SALARY,COMMISSION_PCT,MANAGER_ID,DEPARTMENT_ID,STARS) values (120,'Matthew','Weiss','MWEISS','650.123.1234','1996-07-18','ST_MAN',8000,null,100,50,null);
Insert into EMPEXERC5 (EMPLOYEE_ID,FIRST_NAME,LAST_NAME,EMAIL,PHONE_NUMBER,HIRE_DATE,JOB_ID,SALARY,COMMISSION_PCT,MANAGER_ID,DEPARTMENT_ID,STARS) values (121,'Adam','Fripp','AFRIPP','650.123.2234','1997-04-10','ST_MAN',8200,null,100,50,null);
Insert into EMPEXERC5 (EMPLOYEE_ID,FIRST_NAME,LAST_NAME,EMAIL,PHONE_NUMBER,HIRE_DATE,JOB_ID,SALARY,COMMISSION_PCT,MANAGER_ID,DEPARTMENT_ID,STARS) values (122,'Payam','Kaufling','PKAUFLIN','650.123.3234','1995-05-01','ST_MAN',7900,null,100,50,null);
Insert into EMPEXERC5 (EMPLOYEE_ID,FIRST_NAME,LAST_NAME,EMAIL,PHONE_NUMBER,HIRE_DATE,JOB_ID,SALARY,COMMISSION_PCT,MANAGER_ID,DEPARTMENT_ID,STARS) values (123,'Shanta','Vollman','SVOLLMAN','650.123.4234','1997-10-10','ST_MAN',6500,null,100,50,null);
Insert into EMPEXERC5 (EMPLOYEE_ID,FIRST_NAME,LAST_NAME,EMAIL,PHONE_NUMBER,HIRE_DATE,JOB_ID,SALARY,COMMISSION_PCT,MANAGER_ID,DEPARTMENT_ID,STARS) values (124,'Kevin','Mourgos','KMOURGOS','650.123.5234','1999-11-16','ST_MAN',5800,null,100,50,null);
Insert into EMPEXERC5 (EMPLOYEE_ID,FIRST_NAME,LAST_NAME,EMAIL,PHONE_NUMBER,HIRE_DATE,JOB_ID,SALARY,COMMISSION_PCT,MANAGER_ID,DEPARTMENT_ID,STARS) values (125,'Julia','Nayer','JNAYER','650.124.1214','1997-07-16','ST_CLERK',3200,null,120,50,null);
Insert into EMPEXERC5 (EMPLOYEE_ID,FIRST_NAME,LAST_NAME,EMAIL,PHONE_NUMBER,HIRE_DATE,JOB_ID,SALARY,COMMISSION_PCT,MANAGER_ID,DEPARTMENT_ID,STARS) values (126,'Irene','Mikkilineni','IMIKKILI','650.124.1224','1998-09-28','ST_CLERK',2700,null,120,50,null);
Insert into EMPEXERC5 (EMPLOYEE_ID,FIRST_NAME,LAST_NAME,EMAIL,PHONE_NUMBER,HIRE_DATE,JOB_ID,SALARY,COMMISSION_PCT,MANAGER_ID,DEPARTMENT_ID,STARS) values (127,'James','Landry','JLANDRY','650.124.1334','1999-01-14','ST_CLERK',2400,null,120,50,null);
Insert into EMPEXERC5 (EMPLOYEE_ID,FIRST_NAME,LAST_NAME,EMAIL,PHONE_NUMBER,HIRE_DATE,JOB_ID,SALARY,COMMISSION_PCT,MANAGER_ID,DEPARTMENT_ID,STARS) values (128,'Steven','Markle','SMARKLE','650.124.1434','2000-03-08','ST_CLERK',2200,null,120,50,null);
Insert into EMPEXERC5 (EMPLOYEE_ID,FIRST_NAME,LAST_NAME,EMAIL,PHONE_NUMBER,HIRE_DATE,JOB_ID,SALARY,COMMISSION_PCT,MANAGER_ID,DEPARTMENT_ID,STARS) values (129,'Laura','Bissot','LBISSOT','650.124.5234','1997-08-20','ST_CLERK',3300,null,121,50,null);
Insert into EMPEXERC5 (EMPLOYEE_ID,FIRST_NAME,LAST_NAME,EMAIL,PHONE_NUMBER,HIRE_DATE,JOB_ID,SALARY,COMMISSION_PCT,MANAGER_ID,DEPARTMENT_ID,STARS) values (130,'Mozhe','Atkinson','MATKINSO','650.124.6234','1997-10-30','ST_CLERK',2800,null,121,50,null);
Insert into EMPEXERC5 (EMPLOYEE_ID,FIRST_NAME,LAST_NAME,EMAIL,PHONE_NUMBER,HIRE_DATE,JOB_ID,SALARY,COMMISSION_PCT,MANAGER_ID,DEPARTMENT_ID,STARS) values (131,'James','Marlow','JAMRLOW','650.124.7234','1997-02-16','ST_CLERK',2500,null,121,50,null);
Insert into EMPEXERC5 (EMPLOYEE_ID,FIRST_NAME,LAST_NAME,EMAIL,PHONE_NUMBER,HIRE_DATE,JOB_ID,SALARY,COMMISSION_PCT,MANAGER_ID,DEPARTMENT_ID,STARS) values (132,'TJ','Olson','TJOLSON','650.124.8234','1999-04-10','ST_CLERK',2100,null,121,50,null);
Insert into EMPEXERC5 (EMPLOYEE_ID,FIRST_NAME,LAST_NAME,EMAIL,PHONE_NUMBER,HIRE_DATE,JOB_ID,SALARY,COMMISSION_PCT,MANAGER_ID,DEPARTMENT_ID,STARS) values (133,'Jason','Mallin','JMALLIN','650.127.1934','1996-06-14','ST_CLERK',3300,null,122,50,null);
Insert into EMPEXERC5 (EMPLOYEE_ID,FIRST_NAME,LAST_NAME,EMAIL,PHONE_NUMBER,HIRE_DATE,JOB_ID,SALARY,COMMISSION_PCT,MANAGER_ID,DEPARTMENT_ID,STARS) values (134,'Michael','Rogers','MROGERS','650.127.1834','1998-08-26','ST_CLERK',2900,null,122,50,null);
Insert into EMPEXERC5 (EMPLOYEE_ID,FIRST_NAME,LAST_NAME,EMAIL,PHONE_NUMBER,HIRE_DATE,JOB_ID,SALARY,COMMISSION_PCT,MANAGER_ID,DEPARTMENT_ID,STARS) values (135,'Ki','Gee','KGEE','650.127.1734','1999-12-12','ST_CLERK',2400,null,122,50,null);
Insert into EMPEXERC5 (EMPLOYEE_ID,FIRST_NAME,LAST_NAME,EMAIL,PHONE_NUMBER,HIRE_DATE,JOB_ID,SALARY,COMMISSION_PCT,MANAGER_ID,DEPARTMENT_ID,STARS) values (136,'Hazel','Philtanker','HPHILTAN','650.127.1634','2000-06-20','ST_CLERK',2200,null,122,50,null);
Insert into EMPEXERC5 (EMPLOYEE_ID,FIRST_NAME,LAST_NAME,EMAIL,PHONE_NUMBER,HIRE_DATE,JOB_ID,SALARY,COMMISSION_PCT,MANAGER_ID,DEPARTMENT_ID,STARS) values (137,'Renske','Ladwig','RLADWIG','650.121.1234','1995-07-14','ST_CLERK',3600,null,123,50,null);
Insert into EMPEXERC5 (EMPLOYEE_ID,FIRST_NAME,LAST_NAME,EMAIL,PHONE_NUMBER,HIRE_DATE,JOB_ID,SALARY,COMMISSION_PCT,MANAGER_ID,DEPARTMENT_ID,STARS) values (138,'Stephen','Stiles','SSTILES','650.121.2034','1997-10-26','ST_CLERK',3200,null,123,50,null);
Insert into EMPEXERC5 (EMPLOYEE_ID,FIRST_NAME,LAST_NAME,EMAIL,PHONE_NUMBER,HIRE_DATE,JOB_ID,SALARY,COMMISSION_PCT,MANAGER_ID,DEPARTMENT_ID,STARS) values (139,'John','Seo','JSEO','650.121.2019','1998-02-12','ST_CLERK',2700,null,123,50,null);
Insert into EMPEXERC5 (EMPLOYEE_ID,FIRST_NAME,LAST_NAME,EMAIL,PHONE_NUMBER,HIRE_DATE,JOB_ID,SALARY,COMMISSION_PCT,MANAGER_ID,DEPARTMENT_ID,STARS) values (140,'Joshua','Patel','JPATEL','650.121.1834','1998-04-06','ST_CLERK',2500,null,123,50,null);
Insert into EMPEXERC5 (EMPLOYEE_ID,FIRST_NAME,LAST_NAME,EMAIL,PHONE_NUMBER,HIRE_DATE,JOB_ID,SALARY,COMMISSION_PCT,MANAGER_ID,DEPARTMENT_ID,STARS) values (141,'Trenna','Rajs','TRAJS','650.121.8009','1995-10-17','ST_CLERK',3500,null,124,50,null);
Insert into EMPEXERC5 (EMPLOYEE_ID,FIRST_NAME,LAST_NAME,EMAIL,PHONE_NUMBER,HIRE_DATE,JOB_ID,SALARY,COMMISSION_PCT,MANAGER_ID,DEPARTMENT_ID,STARS) values (142,'Curtis','Davies','CDAVIES','650.121.2994','1997-01-29','ST_CLERK',3100,null,124,50,null);
Insert into EMPEXERC5 (EMPLOYEE_ID,FIRST_NAME,LAST_NAME,EMAIL,PHONE_NUMBER,HIRE_DATE,JOB_ID,SALARY,COMMISSION_PCT,MANAGER_ID,DEPARTMENT_ID,STARS) values (143,'Randall','Matos','RMATOS','650.121.2874','1998-03-15','ST_CLERK',2600,null,124,50,null);
Insert into EMPEXERC5 (EMPLOYEE_ID,FIRST_NAME,LAST_NAME,EMAIL,PHONE_NUMBER,HIRE_DATE,JOB_ID,SALARY,COMMISSION_PCT,MANAGER_ID,DEPARTMENT_ID,STARS) values (144,'Peter','Vargas','PVARGAS','650.121.2004','1998-07-09','ST_CLERK',2500,null,124,50,null);
Insert into EMPEXERC5 (EMPLOYEE_ID,FIRST_NAME,LAST_NAME,EMAIL,PHONE_NUMBER,HIRE_DATE,JOB_ID,SALARY,COMMISSION_PCT,MANAGER_ID,DEPARTMENT_ID,STARS) values (145,'John','Russell','JRUSSEL','011.44.1344.429268','1996-10-01','SA_MAN',14000,0.4,100,80,null);
Insert into EMPEXERC5 (EMPLOYEE_ID,FIRST_NAME,LAST_NAME,EMAIL,PHONE_NUMBER,HIRE_DATE,JOB_ID,SALARY,COMMISSION_PCT,MANAGER_ID,DEPARTMENT_ID,STARS) values (146,'Karen','Partners','KPARTNER','011.44.1344.467268','1997-01-05','SA_MAN',13500,0.3,100,80,null);
Insert into EMPEXERC5 (EMPLOYEE_ID,FIRST_NAME,LAST_NAME,EMAIL,PHONE_NUMBER,HIRE_DATE,JOB_ID,SALARY,COMMISSION_PCT,MANAGER_ID,DEPARTMENT_ID,STARS) values (147,'Alberto','Errazuriz','AERRAZUR','011.44.1344.429278','1997-03-10','SA_MAN',12000,0.3,100,80,null);
Insert into EMPEXERC5 (EMPLOYEE_ID,FIRST_NAME,LAST_NAME,EMAIL,PHONE_NUMBER,HIRE_DATE,JOB_ID,SALARY,COMMISSION_PCT,MANAGER_ID,DEPARTMENT_ID,STARS) values (148,'Gerald','Cambrault','GCAMBRAU','011.44.1344.619268','1999-10-15','SA_MAN',11000,0.3,100,80,null);
Insert into EMPEXERC5 (EMPLOYEE_ID,FIRST_NAME,LAST_NAME,EMAIL,PHONE_NUMBER,HIRE_DATE,JOB_ID,SALARY,COMMISSION_PCT,MANAGER_ID,DEPARTMENT_ID,STARS) values (149,'Eleni','Zlotkey','EZLOTKEY','011.44.1344.429018','2000-01-29','SA_MAN',10500,0.2,100,80,null);
Insert into EMPEXERC5 (EMPLOYEE_ID,FIRST_NAME,LAST_NAME,EMAIL,PHONE_NUMBER,HIRE_DATE,JOB_ID,SALARY,COMMISSION_PCT,MANAGER_ID,DEPARTMENT_ID,STARS) values (150,'Peter','Tucker','PTUCKER','011.44.1344.129268','1997-01-30','SA_REP',10000,0.3,145,80,null);
Insert into EMPEXERC5 (EMPLOYEE_ID,FIRST_NAME,LAST_NAME,EMAIL,PHONE_NUMBER,HIRE_DATE,JOB_ID,SALARY,COMMISSION_PCT,MANAGER_ID,DEPARTMENT_ID,STARS) values (151,'David','Bernstein','DBERNSTE','011.44.1344.345268','1997-03-24','SA_REP',9500,0.25,145,80,null);
Insert into EMPEXERC5 (EMPLOYEE_ID,FIRST_NAME,LAST_NAME,EMAIL,PHONE_NUMBER,HIRE_DATE,JOB_ID,SALARY,COMMISSION_PCT,MANAGER_ID,DEPARTMENT_ID,STARS) values (152,'Peter','Hall','PHALL','011.44.1344.478968','1997-08-20','SA_REP',9000,0.25,145,80,null);
Insert into EMPEXERC5 (EMPLOYEE_ID,FIRST_NAME,LAST_NAME,EMAIL,PHONE_NUMBER,HIRE_DATE,JOB_ID,SALARY,COMMISSION_PCT,MANAGER_ID,DEPARTMENT_ID,STARS) values (153,'Christopher','Olsen','COLSEN','011.44.1344.498718','1998-03-30','SA_REP',8000,0.2,145,80,null);
Insert into EMPEXERC5 (EMPLOYEE_ID,FIRST_NAME,LAST_NAME,EMAIL,PHONE_NUMBER,HIRE_DATE,JOB_ID,SALARY,COMMISSION_PCT,MANAGER_ID,DEPARTMENT_ID,STARS) values (154,'Nanette','Cambrault','NCAMBRAU','011.44.1344.987668','1998-12-09','SA_REP',7500,0.2,145,80,null);
Insert into EMPEXERC5 (EMPLOYEE_ID,FIRST_NAME,LAST_NAME,EMAIL,PHONE_NUMBER,HIRE_DATE,JOB_ID,SALARY,COMMISSION_PCT,MANAGER_ID,DEPARTMENT_ID,STARS) values (155,'Oliver','Tuvault','OTUVAULT','011.44.1344.486508','1999-11-23','SA_REP',7000,0.15,145,80,null);
Insert into EMPEXERC5 (EMPLOYEE_ID,FIRST_NAME,LAST_NAME,EMAIL,PHONE_NUMBER,HIRE_DATE,JOB_ID,SALARY,COMMISSION_PCT,MANAGER_ID,DEPARTMENT_ID,STARS) values (156,'Janette','King','JKING','011.44.1345.429268','1996-01-30','SA_REP',10000,0.35,146,80,null);
Insert into EMPEXERC5 (EMPLOYEE_ID,FIRST_NAME,LAST_NAME,EMAIL,PHONE_NUMBER,HIRE_DATE,JOB_ID,SALARY,COMMISSION_PCT,MANAGER_ID,DEPARTMENT_ID,STARS) values (157,'Patrick','Sully','PSULLY','011.44.1345.929268','1996-03-04','SA_REP',9500,0.35,146,80,null);
Insert into EMPEXERC5 (EMPLOYEE_ID,FIRST_NAME,LAST_NAME,EMAIL,PHONE_NUMBER,HIRE_DATE,JOB_ID,SALARY,COMMISSION_PCT,MANAGER_ID,DEPARTMENT_ID,STARS) values (158,'Allan','McEwen','AMCEWEN','011.44.1345.829268','1996-08-01','SA_REP',9000,0.35,146,80,null);
Insert into EMPEXERC5 (EMPLOYEE_ID,FIRST_NAME,LAST_NAME,EMAIL,PHONE_NUMBER,HIRE_DATE,JOB_ID,SALARY,COMMISSION_PCT,MANAGER_ID,DEPARTMENT_ID,STARS) values (159,'Lindsey','Smith','LSMITH','011.44.1345.729268','1997-03-10','SA_REP',8000,0.3,146,80,null);
Insert into EMPEXERC5 (EMPLOYEE_ID,FIRST_NAME,LAST_NAME,EMAIL,PHONE_NUMBER,HIRE_DATE,JOB_ID,SALARY,COMMISSION_PCT,MANAGER_ID,DEPARTMENT_ID,STARS) values (160,'Louise','Doran','LDORAN','011.44.1345.629268','1997-12-15','SA_REP',7500,0.3,146,80,null);
Insert into EMPEXERC5 (EMPLOYEE_ID,FIRST_NAME,LAST_NAME,EMAIL,PHONE_NUMBER,HIRE_DATE,JOB_ID,SALARY,COMMISSION_PCT,MANAGER_ID,DEPARTMENT_ID,STARS) values (161,'Sarath','Sewall','SSEWALL','011.44.1345.529268','1998-11-03','SA_REP',7000,0.25,146,80,null);
Insert into EMPEXERC5 (EMPLOYEE_ID,FIRST_NAME,LAST_NAME,EMAIL,PHONE_NUMBER,HIRE_DATE,JOB_ID,SALARY,COMMISSION_PCT,MANAGER_ID,DEPARTMENT_ID,STARS) values (162,'Clara','Vishney','CVISHNEY','011.44.1346.129268','1997-11-11','SA_REP',10500,0.25,147,80,null);
Insert into EMPEXERC5 (EMPLOYEE_ID,FIRST_NAME,LAST_NAME,EMAIL,PHONE_NUMBER,HIRE_DATE,JOB_ID,SALARY,COMMISSION_PCT,MANAGER_ID,DEPARTMENT_ID,STARS) values (163,'Danielle','Greene','DGREENE','011.44.1346.229268','1999-03-19','SA_REP',9500,0.15,147,80,null);
Insert into EMPEXERC5 (EMPLOYEE_ID,FIRST_NAME,LAST_NAME,EMAIL,PHONE_NUMBER,HIRE_DATE,JOB_ID,SALARY,COMMISSION_PCT,MANAGER_ID,DEPARTMENT_ID,STARS) values (164,'Mattea','Marvins','MMARVINS','011.44.1346.329268','2000-01-24','SA_REP',7200,0.1,147,80,null);
Insert into EMPEXERC5 (EMPLOYEE_ID,FIRST_NAME,LAST_NAME,EMAIL,PHONE_NUMBER,HIRE_DATE,JOB_ID,SALARY,COMMISSION_PCT,MANAGER_ID,DEPARTMENT_ID,STARS) values (165,'David','Lee','DLEE','011.44.1346.529268','2000-02-23','SA_REP',6800,0.1,147,80,null);
Insert into EMPEXERC5 (EMPLOYEE_ID,FIRST_NAME,LAST_NAME,EMAIL,PHONE_NUMBER,HIRE_DATE,JOB_ID,SALARY,COMMISSION_PCT,MANAGER_ID,DEPARTMENT_ID,STARS) values (166,'Sundar','Ande','SANDE','011.44.1346.629268','2000-03-24','SA_REP',6400,0.1,147,80,null);
Insert into EMPEXERC5 (EMPLOYEE_ID,FIRST_NAME,LAST_NAME,EMAIL,PHONE_NUMBER,HIRE_DATE,JOB_ID,SALARY,COMMISSION_PCT,MANAGER_ID,DEPARTMENT_ID,STARS) values (167,'Amit','Banda','ABANDA','011.44.1346.729268','2000-04-21','SA_REP',6200,0.1,147,80,null);
Insert into EMPEXERC5 (EMPLOYEE_ID,FIRST_NAME,LAST_NAME,EMAIL,PHONE_NUMBER,HIRE_DATE,JOB_ID,SALARY,COMMISSION_PCT,MANAGER_ID,DEPARTMENT_ID,STARS) values (168,'Lisa','Ozer','LOZER','011.44.1343.929268','1997-03-11','SA_REP',11500,0.25,148,80,null);
Insert into EMPEXERC5 (EMPLOYEE_ID,FIRST_NAME,LAST_NAME,EMAIL,PHONE_NUMBER,HIRE_DATE,JOB_ID,SALARY,COMMISSION_PCT,MANAGER_ID,DEPARTMENT_ID,STARS) values (169,'Harrison','Bloom','HBLOOM','011.44.1343.829268','1998-03-23','SA_REP',10000,0.2,148,80,null);
Insert into EMPEXERC5 (EMPLOYEE_ID,FIRST_NAME,LAST_NAME,EMAIL,PHONE_NUMBER,HIRE_DATE,JOB_ID,SALARY,COMMISSION_PCT,MANAGER_ID,DEPARTMENT_ID,STARS) values (170,'Tayler','Fox','TFOX','011.44.1343.729268','1998-01-24','SA_REP',9600,0.2,148,80,null);
Insert into EMPEXERC5 (EMPLOYEE_ID,FIRST_NAME,LAST_NAME,EMAIL,PHONE_NUMBER,HIRE_DATE,JOB_ID,SALARY,COMMISSION_PCT,MANAGER_ID,DEPARTMENT_ID,STARS) values (171,'William','Smith','WSMITH','011.44.1343.629268','1999-02-23','SA_REP',7400,0.15,148,80,null);
Insert into EMPEXERC5 (EMPLOYEE_ID,FIRST_NAME,LAST_NAME,EMAIL,PHONE_NUMBER,HIRE_DATE,JOB_ID,SALARY,COMMISSION_PCT,MANAGER_ID,DEPARTMENT_ID,STARS) values (172,'Elizabeth','Bates','EBATES','011.44.1343.529268','1999-03-24','SA_REP',7300,0.15,148,80,null);
Insert into EMPEXERC5 (EMPLOYEE_ID,FIRST_NAME,LAST_NAME,EMAIL,PHONE_NUMBER,HIRE_DATE,JOB_ID,SALARY,COMMISSION_PCT,MANAGER_ID,DEPARTMENT_ID,STARS) values (173,'Sundita','Kumar','SKUMAR','011.44.1343.329268','2000-04-21','SA_REP',6100,0.1,148,80,null);
Insert into EMPEXERC5 (EMPLOYEE_ID,FIRST_NAME,LAST_NAME,EMAIL,PHONE_NUMBER,HIRE_DATE,JOB_ID,SALARY,COMMISSION_PCT,MANAGER_ID,DEPARTMENT_ID,STARS) values (174,'Ellen','Abel','EABEL','011.44.1644.429267','1996-05-11','SA_REP',11000,0.3,149,80,null);
Insert into EMPEXERC5 (EMPLOYEE_ID,FIRST_NAME,LAST_NAME,EMAIL,PHONE_NUMBER,HIRE_DATE,JOB_ID,SALARY,COMMISSION_PCT,MANAGER_ID,DEPARTMENT_ID,STARS) values (175,'Alyssa','Hutton','AHUTTON','011.44.1644.429266','1997-03-19','SA_REP',8800,0.25,149,80,null);
Insert into EMPEXERC5 (EMPLOYEE_ID,FIRST_NAME,LAST_NAME,EMAIL,PHONE_NUMBER,HIRE_DATE,JOB_ID,SALARY,COMMISSION_PCT,MANAGER_ID,DEPARTMENT_ID,STARS) values (176,'Jonathon','Taylor','JTAYLOR','011.44.1644.429265','1998-03-24','SA_REP',8600,0.2,149,80,'*********');
Insert into EMPEXERC5 (EMPLOYEE_ID,FIRST_NAME,LAST_NAME,EMAIL,PHONE_NUMBER,HIRE_DATE,JOB_ID,SALARY,COMMISSION_PCT,MANAGER_ID,DEPARTMENT_ID,STARS) values (177,'Jack','Livingston','JLIVINGS','011.44.1644.429264','1998-04-23','SA_REP',8400,0.2,149,80,null);
Insert into EMPEXERC5 (EMPLOYEE_ID,FIRST_NAME,LAST_NAME,EMAIL,PHONE_NUMBER,HIRE_DATE,JOB_ID,SALARY,COMMISSION_PCT,MANAGER_ID,DEPARTMENT_ID,STARS) values (178,'Kimberely','Grant','KGRANT','011.44.1644.429263','1999-05-24','SA_REP',7000,0.15,149,null,null);
Insert into EMPEXERC5 (EMPLOYEE_ID,FIRST_NAME,LAST_NAME,EMAIL,PHONE_NUMBER,HIRE_DATE,JOB_ID,SALARY,COMMISSION_PCT,MANAGER_ID,DEPARTMENT_ID,STARS) values (179,'Charles','Johnson','CJOHNSON','011.44.1644.429262','2000-01-04','SA_REP',6200,0.1,149,80,null);
Insert into EMPEXERC5 (EMPLOYEE_ID,FIRST_NAME,LAST_NAME,EMAIL,PHONE_NUMBER,HIRE_DATE,JOB_ID,SALARY,COMMISSION_PCT,MANAGER_ID,DEPARTMENT_ID,STARS) values (180,'Winston','Taylor','WTAYLOR','650.507.9876','1998-01-24','SH_CLERK',3200,null,120,50,null);
Insert into EMPEXERC5 (EMPLOYEE_ID,FIRST_NAME,LAST_NAME,EMAIL,PHONE_NUMBER,HIRE_DATE,JOB_ID,SALARY,COMMISSION_PCT,MANAGER_ID,DEPARTMENT_ID,STARS) values (181,'Jean','Fleaur','JFLEAUR','650.507.9877','1998-02-23','SH_CLERK',3100,null,120,50,null);
Insert into EMPEXERC5 (EMPLOYEE_ID,FIRST_NAME,LAST_NAME,EMAIL,PHONE_NUMBER,HIRE_DATE,JOB_ID,SALARY,COMMISSION_PCT,MANAGER_ID,DEPARTMENT_ID,STARS) values (182,'Martha','Sullivan','MSULLIVA','650.507.9878','1999-06-21','SH_CLERK',2500,null,120,50,null);
Insert into EMPEXERC5 (EMPLOYEE_ID,FIRST_NAME,LAST_NAME,EMAIL,PHONE_NUMBER,HIRE_DATE,JOB_ID,SALARY,COMMISSION_PCT,MANAGER_ID,DEPARTMENT_ID,STARS) values (183,'Girard','Geoni','GGEONI','650.507.9879','2000-02-03','SH_CLERK',2800,null,120,50,null);
Insert into EMPEXERC5 (EMPLOYEE_ID,FIRST_NAME,LAST_NAME,EMAIL,PHONE_NUMBER,HIRE_DATE,JOB_ID,SALARY,COMMISSION_PCT,MANAGER_ID,DEPARTMENT_ID,STARS) values (184,'Nandita','Sarchand','NSARCHAN','650.509.1876','1996-01-27','SH_CLERK',4200,null,121,50,null);
Insert into EMPEXERC5 (EMPLOYEE_ID,FIRST_NAME,LAST_NAME,EMAIL,PHONE_NUMBER,HIRE_DATE,JOB_ID,SALARY,COMMISSION_PCT,MANAGER_ID,DEPARTMENT_ID,STARS) values (185,'Alexis','Bull','ABULL','650.509.2876','1997-02-20','SH_CLERK',4100,null,121,50,null);
Insert into EMPEXERC5 (EMPLOYEE_ID,FIRST_NAME,LAST_NAME,EMAIL,PHONE_NUMBER,HIRE_DATE,JOB_ID,SALARY,COMMISSION_PCT,MANAGER_ID,DEPARTMENT_ID,STARS) values (186,'Julia','Dellinger','JDELLING','650.509.3876','1998-06-24','SH_CLERK',3400,null,121,50,null);
Insert into EMPEXERC5 (EMPLOYEE_ID,FIRST_NAME,LAST_NAME,EMAIL,PHONE_NUMBER,HIRE_DATE,JOB_ID,SALARY,COMMISSION_PCT,MANAGER_ID,DEPARTMENT_ID,STARS) values (187,'Anthony','Cabrio','ACABRIO','650.509.4876','1999-02-07','SH_CLERK',3000,null,121,50,null);
Insert into EMPEXERC5 (EMPLOYEE_ID,FIRST_NAME,LAST_NAME,EMAIL,PHONE_NUMBER,HIRE_DATE,JOB_ID,SALARY,COMMISSION_PCT,MANAGER_ID,DEPARTMENT_ID,STARS) values (188,'Kelly','Chung','KCHUNG','650.505.1876','1997-06-14','SH_CLERK',3800,null,122,50,null);
Insert into EMPEXERC5 (EMPLOYEE_ID,FIRST_NAME,LAST_NAME,EMAIL,PHONE_NUMBER,HIRE_DATE,JOB_ID,SALARY,COMMISSION_PCT,MANAGER_ID,DEPARTMENT_ID,STARS) values (189,'Jennifer','Dilly','JDILLY','650.505.2876','1997-08-13','SH_CLERK',3600,null,122,50,null);
Insert into EMPEXERC5 (EMPLOYEE_ID,FIRST_NAME,LAST_NAME,EMAIL,PHONE_NUMBER,HIRE_DATE,JOB_ID,SALARY,COMMISSION_PCT,MANAGER_ID,DEPARTMENT_ID,STARS) values (190,'Timothy','Gates','TGATES','650.505.3876','1998-07-11','SH_CLERK',2900,null,122,50,null);
Insert into EMPEXERC5 (EMPLOYEE_ID,FIRST_NAME,LAST_NAME,EMAIL,PHONE_NUMBER,HIRE_DATE,JOB_ID,SALARY,COMMISSION_PCT,MANAGER_ID,DEPARTMENT_ID,STARS) values (191,'Randall','Perkins','RPERKINS','650.505.4876','1999-12-19','SH_CLERK',2500,null,122,50,null);
Insert into EMPEXERC5 (EMPLOYEE_ID,FIRST_NAME,LAST_NAME,EMAIL,PHONE_NUMBER,HIRE_DATE,JOB_ID,SALARY,COMMISSION_PCT,MANAGER_ID,DEPARTMENT_ID,STARS) values (192,'Sarah','Bell','SBELL','650.501.1876','1996-02-04','SH_CLERK',4000,null,123,50,null);
Insert into EMPEXERC5 (EMPLOYEE_ID,FIRST_NAME,LAST_NAME,EMAIL,PHONE_NUMBER,HIRE_DATE,JOB_ID,SALARY,COMMISSION_PCT,MANAGER_ID,DEPARTMENT_ID,STARS) values (193,'Britney','Everett','BEVERETT','650.501.2876','1997-03-03','SH_CLERK',3900,null,123,50,null);
Insert into EMPEXERC5 (EMPLOYEE_ID,FIRST_NAME,LAST_NAME,EMAIL,PHONE_NUMBER,HIRE_DATE,JOB_ID,SALARY,COMMISSION_PCT,MANAGER_ID,DEPARTMENT_ID,STARS) values (194,'Samuel','McCain','SMCCAIN','650.501.3876','1998-07-01','SH_CLERK',3200,null,123,50,null);
Insert into EMPEXERC5 (EMPLOYEE_ID,FIRST_NAME,LAST_NAME,EMAIL,PHONE_NUMBER,HIRE_DATE,JOB_ID,SALARY,COMMISSION_PCT,MANAGER_ID,DEPARTMENT_ID,STARS) values (195,'Vance','Jones','VJONES','650.501.4876','1999-03-17','SH_CLERK',2800,null,123,50,null);
Insert into EMPEXERC5 (EMPLOYEE_ID,FIRST_NAME,LAST_NAME,EMAIL,PHONE_NUMBER,HIRE_DATE,JOB_ID,SALARY,COMMISSION_PCT,MANAGER_ID,DEPARTMENT_ID,STARS) values (196,'Alana','Walsh','AWALSH','650.507.9811','1998-04-24','SH_CLERK',3100,null,124,50,null);
Insert into EMPEXERC5 (EMPLOYEE_ID,FIRST_NAME,LAST_NAME,EMAIL,PHONE_NUMBER,HIRE_DATE,JOB_ID,SALARY,COMMISSION_PCT,MANAGER_ID,DEPARTMENT_ID,STARS) values (197,'Kevin','Feeney','KFEENEY','650.507.9822','1998-05-23','SH_CLERK',3000,null,124,50,null);
Insert into EMPEXERC5 (EMPLOYEE_ID,FIRST_NAME,LAST_NAME,EMAIL,PHONE_NUMBER,HIRE_DATE,JOB_ID,SALARY,COMMISSION_PCT,MANAGER_ID,DEPARTMENT_ID,STARS) values (198,'Donald','OConnell','DOCONNEL','650.507.9833','1999-06-21','SH_CLERK',2600,null,124,50,null);
Insert into EMPEXERC5 (EMPLOYEE_ID,FIRST_NAME,LAST_NAME,EMAIL,PHONE_NUMBER,HIRE_DATE,JOB_ID,SALARY,COMMISSION_PCT,MANAGER_ID,DEPARTMENT_ID,STARS) values (199,'Douglas','Grant','DGRANT','650.507.9844','2000-01-13','SH_CLERK',2600,null,124,50,null);
Insert into EMPEXERC5 (EMPLOYEE_ID,FIRST_NAME,LAST_NAME,EMAIL,PHONE_NUMBER,HIRE_DATE,JOB_ID,SALARY,COMMISSION_PCT,MANAGER_ID,DEPARTMENT_ID,STARS) values (200,'Jennifer','Whalen','JWHALEN','515.123.4444','1987-09-17','AD_ASST',4400,null,101,10,null);
Insert into EMPEXERC5 (EMPLOYEE_ID,FIRST_NAME,LAST_NAME,EMAIL,PHONE_NUMBER,HIRE_DATE,JOB_ID,SALARY,COMMISSION_PCT,MANAGER_ID,DEPARTMENT_ID,STARS) values (201,'Michael','Hartstein','MHARTSTE','515.123.5555','1996-02-17','MK_MAN',13000,null,100,20,null);
Insert into EMPEXERC5 (EMPLOYEE_ID,FIRST_NAME,LAST_NAME,EMAIL,PHONE_NUMBER,HIRE_DATE,JOB_ID,SALARY,COMMISSION_PCT,MANAGER_ID,DEPARTMENT_ID,STARS) values (202,'Pat','Fay','PFAY','603.123.6666','1997-08-17','MK_REP',6000,null,201,20,null);
Insert into EMPEXERC5 (EMPLOYEE_ID,FIRST_NAME,LAST_NAME,EMAIL,PHONE_NUMBER,HIRE_DATE,JOB_ID,SALARY,COMMISSION_PCT,MANAGER_ID,DEPARTMENT_ID,STARS) values (203,'Susan','Mavris','SMAVRIS','515.123.7777','1994-06-07','HR_REP',6500,null,101,40,null);
Insert into EMPEXERC5 (EMPLOYEE_ID,FIRST_NAME,LAST_NAME,EMAIL,PHONE_NUMBER,HIRE_DATE,JOB_ID,SALARY,COMMISSION_PCT,MANAGER_ID,DEPARTMENT_ID,STARS) values (204,'Hermann','Baer','HBAER','515.123.8888','1994-06-07','PR_REP',10000,null,101,70,null);
Insert into EMPEXERC5 (EMPLOYEE_ID,FIRST_NAME,LAST_NAME,EMAIL,PHONE_NUMBER,HIRE_DATE,JOB_ID,SALARY,COMMISSION_PCT,MANAGER_ID,DEPARTMENT_ID,STARS) values (205,'Shelley','Higgins','SHIGGINS','515.123.8080','1994-06-07','AC_MGR',12000,null,101,110,null);
Insert into EMPEXERC5 (EMPLOYEE_ID,FIRST_NAME,LAST_NAME,EMAIL,PHONE_NUMBER,HIRE_DATE,JOB_ID,SALARY,COMMISSION_PCT,MANAGER_ID,DEPARTMENT_ID,STARS) values (206,'William','Gietz','WGIETZ','515.123.8181','1994-06-07','AC_ACCOUNT',8300,null,205,110,null);


--------------------------------------------------------
--  DDL for Table EMPLOYEES_TEMP
--------------------------------------------------------

CREATE TABLE EMPLOYEES_TEMP (
  EMPLOYEE_ID 		INT REFERENCES EMPLOYEES(EMPLOYEE_ID),
  SALARY          INT, 
  COMMISSION_PCT  NUMERIC(2,2)
);

Insert into EMPLOYEES_TEMP (EMPLOYEE_ID,SALARY,COMMISSION_PCT) values (100,24000,null);
Insert into EMPLOYEES_TEMP (EMPLOYEE_ID,SALARY,COMMISSION_PCT) values (101,17000,null);
Insert into EMPLOYEES_TEMP (EMPLOYEE_ID,SALARY,COMMISSION_PCT) values (102,17000,null);
Insert into EMPLOYEES_TEMP (EMPLOYEE_ID,SALARY,COMMISSION_PCT) values (103,9000,null);
Insert into EMPLOYEES_TEMP (EMPLOYEE_ID,SALARY,COMMISSION_PCT) values (104,6000,null);
Insert into EMPLOYEES_TEMP (EMPLOYEE_ID,SALARY,COMMISSION_PCT) values (105,4800,null);
Insert into EMPLOYEES_TEMP (EMPLOYEE_ID,SALARY,COMMISSION_PCT) values (106,4800,null);
Insert into EMPLOYEES_TEMP (EMPLOYEE_ID,SALARY,COMMISSION_PCT) values (107,4200,null);
Insert into EMPLOYEES_TEMP (EMPLOYEE_ID,SALARY,COMMISSION_PCT) values (108,12000,null);
Insert into EMPLOYEES_TEMP (EMPLOYEE_ID,SALARY,COMMISSION_PCT) values (109,9000,null);
Insert into EMPLOYEES_TEMP (EMPLOYEE_ID,SALARY,COMMISSION_PCT) values (110,8200,null);
Insert into EMPLOYEES_TEMP (EMPLOYEE_ID,SALARY,COMMISSION_PCT) values (111,7700,null);
Insert into EMPLOYEES_TEMP (EMPLOYEE_ID,SALARY,COMMISSION_PCT) values (112,7800,null);
Insert into EMPLOYEES_TEMP (EMPLOYEE_ID,SALARY,COMMISSION_PCT) values (113,6900,null);
Insert into EMPLOYEES_TEMP (EMPLOYEE_ID,SALARY,COMMISSION_PCT) values (114,11000,null);
Insert into EMPLOYEES_TEMP (EMPLOYEE_ID,SALARY,COMMISSION_PCT) values (115,3100,null);
Insert into EMPLOYEES_TEMP (EMPLOYEE_ID,SALARY,COMMISSION_PCT) values (116,2900,null);
Insert into EMPLOYEES_TEMP (EMPLOYEE_ID,SALARY,COMMISSION_PCT) values (117,2800,null);
Insert into EMPLOYEES_TEMP (EMPLOYEE_ID,SALARY,COMMISSION_PCT) values (118,2600,null);
Insert into EMPLOYEES_TEMP (EMPLOYEE_ID,SALARY,COMMISSION_PCT) values (119,2500,null);
Insert into EMPLOYEES_TEMP (EMPLOYEE_ID,SALARY,COMMISSION_PCT) values (120,8000,null);
Insert into EMPLOYEES_TEMP (EMPLOYEE_ID,SALARY,COMMISSION_PCT) values (121,8200,null);
Insert into EMPLOYEES_TEMP (EMPLOYEE_ID,SALARY,COMMISSION_PCT) values (122,7900,null);
Insert into EMPLOYEES_TEMP (EMPLOYEE_ID,SALARY,COMMISSION_PCT) values (123,6500,null);
Insert into EMPLOYEES_TEMP (EMPLOYEE_ID,SALARY,COMMISSION_PCT) values (124,5800,null);
Insert into EMPLOYEES_TEMP (EMPLOYEE_ID,SALARY,COMMISSION_PCT) values (125,3200,null);
Insert into EMPLOYEES_TEMP (EMPLOYEE_ID,SALARY,COMMISSION_PCT) values (126,2700,null);
Insert into EMPLOYEES_TEMP (EMPLOYEE_ID,SALARY,COMMISSION_PCT) values (127,2400,null);
Insert into EMPLOYEES_TEMP (EMPLOYEE_ID,SALARY,COMMISSION_PCT) values (128,2200,null);
Insert into EMPLOYEES_TEMP (EMPLOYEE_ID,SALARY,COMMISSION_PCT) values (129,3300,null);
Insert into EMPLOYEES_TEMP (EMPLOYEE_ID,SALARY,COMMISSION_PCT) values (130,2800,null);
Insert into EMPLOYEES_TEMP (EMPLOYEE_ID,SALARY,COMMISSION_PCT) values (131,2500,null);
Insert into EMPLOYEES_TEMP (EMPLOYEE_ID,SALARY,COMMISSION_PCT) values (132,2100,null);
Insert into EMPLOYEES_TEMP (EMPLOYEE_ID,SALARY,COMMISSION_PCT) values (133,3300,null);
Insert into EMPLOYEES_TEMP (EMPLOYEE_ID,SALARY,COMMISSION_PCT) values (134,2900,null);
Insert into EMPLOYEES_TEMP (EMPLOYEE_ID,SALARY,COMMISSION_PCT) values (135,2400,null);
Insert into EMPLOYEES_TEMP (EMPLOYEE_ID,SALARY,COMMISSION_PCT) values (136,2200,null);
Insert into EMPLOYEES_TEMP (EMPLOYEE_ID,SALARY,COMMISSION_PCT) values (137,3600,null);
Insert into EMPLOYEES_TEMP (EMPLOYEE_ID,SALARY,COMMISSION_PCT) values (138,3200,null);
Insert into EMPLOYEES_TEMP (EMPLOYEE_ID,SALARY,COMMISSION_PCT) values (139,2700,null);
Insert into EMPLOYEES_TEMP (EMPLOYEE_ID,SALARY,COMMISSION_PCT) values (140,2500,null);
Insert into EMPLOYEES_TEMP (EMPLOYEE_ID,SALARY,COMMISSION_PCT) values (141,3500,null);
Insert into EMPLOYEES_TEMP (EMPLOYEE_ID,SALARY,COMMISSION_PCT) values (142,3100,null);
Insert into EMPLOYEES_TEMP (EMPLOYEE_ID,SALARY,COMMISSION_PCT) values (143,2600,null);
Insert into EMPLOYEES_TEMP (EMPLOYEE_ID,SALARY,COMMISSION_PCT) values (144,2500,null);
Insert into EMPLOYEES_TEMP (EMPLOYEE_ID,SALARY,COMMISSION_PCT) values (145,14000,0.4);
Insert into EMPLOYEES_TEMP (EMPLOYEE_ID,SALARY,COMMISSION_PCT) values (146,13500,0.3);
Insert into EMPLOYEES_TEMP (EMPLOYEE_ID,SALARY,COMMISSION_PCT) values (147,12000,0.3);
Insert into EMPLOYEES_TEMP (EMPLOYEE_ID,SALARY,COMMISSION_PCT) values (148,11000,0.3);
Insert into EMPLOYEES_TEMP (EMPLOYEE_ID,SALARY,COMMISSION_PCT) values (149,10500,0.2);
Insert into EMPLOYEES_TEMP (EMPLOYEE_ID,SALARY,COMMISSION_PCT) values (150,10000,0.3);
Insert into EMPLOYEES_TEMP (EMPLOYEE_ID,SALARY,COMMISSION_PCT) values (151,9500,0.25);
Insert into EMPLOYEES_TEMP (EMPLOYEE_ID,SALARY,COMMISSION_PCT) values (152,9000,0.25);
Insert into EMPLOYEES_TEMP (EMPLOYEE_ID,SALARY,COMMISSION_PCT) values (153,8000,0.2);
Insert into EMPLOYEES_TEMP (EMPLOYEE_ID,SALARY,COMMISSION_PCT) values (154,7500,0.2);
Insert into EMPLOYEES_TEMP (EMPLOYEE_ID,SALARY,COMMISSION_PCT) values (155,7000,0.15);
Insert into EMPLOYEES_TEMP (EMPLOYEE_ID,SALARY,COMMISSION_PCT) values (156,10000,0.35);
Insert into EMPLOYEES_TEMP (EMPLOYEE_ID,SALARY,COMMISSION_PCT) values (157,9500,0.35);
Insert into EMPLOYEES_TEMP (EMPLOYEE_ID,SALARY,COMMISSION_PCT) values (158,9000,0.35);
Insert into EMPLOYEES_TEMP (EMPLOYEE_ID,SALARY,COMMISSION_PCT) values (159,8000,0.3);
Insert into EMPLOYEES_TEMP (EMPLOYEE_ID,SALARY,COMMISSION_PCT) values (160,7500,0.3);
Insert into EMPLOYEES_TEMP (EMPLOYEE_ID,SALARY,COMMISSION_PCT) values (161,7000,0.25);
Insert into EMPLOYEES_TEMP (EMPLOYEE_ID,SALARY,COMMISSION_PCT) values (162,10500,0.25);
Insert into EMPLOYEES_TEMP (EMPLOYEE_ID,SALARY,COMMISSION_PCT) values (163,9500,0.15);
Insert into EMPLOYEES_TEMP (EMPLOYEE_ID,SALARY,COMMISSION_PCT) values (164,7200,0.1);
Insert into EMPLOYEES_TEMP (EMPLOYEE_ID,SALARY,COMMISSION_PCT) values (165,6800,0.1);
Insert into EMPLOYEES_TEMP (EMPLOYEE_ID,SALARY,COMMISSION_PCT) values (166,6400,0.1);
Insert into EMPLOYEES_TEMP (EMPLOYEE_ID,SALARY,COMMISSION_PCT) values (167,6200,0.1);
Insert into EMPLOYEES_TEMP (EMPLOYEE_ID,SALARY,COMMISSION_PCT) values (168,11500,0.25);
Insert into EMPLOYEES_TEMP (EMPLOYEE_ID,SALARY,COMMISSION_PCT) values (169,10000,0.2);
Insert into EMPLOYEES_TEMP (EMPLOYEE_ID,SALARY,COMMISSION_PCT) values (170,9600,0.2);
Insert into EMPLOYEES_TEMP (EMPLOYEE_ID,SALARY,COMMISSION_PCT) values (171,7400,0.15);
Insert into EMPLOYEES_TEMP (EMPLOYEE_ID,SALARY,COMMISSION_PCT) values (172,7300,0.15);
Insert into EMPLOYEES_TEMP (EMPLOYEE_ID,SALARY,COMMISSION_PCT) values (173,6100,0.1);
Insert into EMPLOYEES_TEMP (EMPLOYEE_ID,SALARY,COMMISSION_PCT) values (174,11000,0.3);
Insert into EMPLOYEES_TEMP (EMPLOYEE_ID,SALARY,COMMISSION_PCT) values (175,8800,0.25);
Insert into EMPLOYEES_TEMP (EMPLOYEE_ID,SALARY,COMMISSION_PCT) values (176,8600,0.2);
Insert into EMPLOYEES_TEMP (EMPLOYEE_ID,SALARY,COMMISSION_PCT) values (177,8400,0.2);
Insert into EMPLOYEES_TEMP (EMPLOYEE_ID,SALARY,COMMISSION_PCT) values (178,7000,0.15);
Insert into EMPLOYEES_TEMP (EMPLOYEE_ID,SALARY,COMMISSION_PCT) values (179,6200,0.1);
Insert into EMPLOYEES_TEMP (EMPLOYEE_ID,SALARY,COMMISSION_PCT) values (180,3200,null);
Insert into EMPLOYEES_TEMP (EMPLOYEE_ID,SALARY,COMMISSION_PCT) values (181,3100,null);
Insert into EMPLOYEES_TEMP (EMPLOYEE_ID,SALARY,COMMISSION_PCT) values (182,2500,null);
Insert into EMPLOYEES_TEMP (EMPLOYEE_ID,SALARY,COMMISSION_PCT) values (183,2800,null);
Insert into EMPLOYEES_TEMP (EMPLOYEE_ID,SALARY,COMMISSION_PCT) values (184,4200,null);
Insert into EMPLOYEES_TEMP (EMPLOYEE_ID,SALARY,COMMISSION_PCT) values (185,4100,null);
Insert into EMPLOYEES_TEMP (EMPLOYEE_ID,SALARY,COMMISSION_PCT) values (186,3400,null);
Insert into EMPLOYEES_TEMP (EMPLOYEE_ID,SALARY,COMMISSION_PCT) values (187,3000,null);
Insert into EMPLOYEES_TEMP (EMPLOYEE_ID,SALARY,COMMISSION_PCT) values (188,3800,null);
Insert into EMPLOYEES_TEMP (EMPLOYEE_ID,SALARY,COMMISSION_PCT) values (189,3600,null);
Insert into EMPLOYEES_TEMP (EMPLOYEE_ID,SALARY,COMMISSION_PCT) values (190,2900,null);
Insert into EMPLOYEES_TEMP (EMPLOYEE_ID,SALARY,COMMISSION_PCT) values (191,2500,null);
Insert into EMPLOYEES_TEMP (EMPLOYEE_ID,SALARY,COMMISSION_PCT) values (192,4000,null);
Insert into EMPLOYEES_TEMP (EMPLOYEE_ID,SALARY,COMMISSION_PCT) values (193,3900,null);
Insert into EMPLOYEES_TEMP (EMPLOYEE_ID,SALARY,COMMISSION_PCT) values (194,3200,null);
Insert into EMPLOYEES_TEMP (EMPLOYEE_ID,SALARY,COMMISSION_PCT) values (195,2800,null);
Insert into EMPLOYEES_TEMP (EMPLOYEE_ID,SALARY,COMMISSION_PCT) values (196,3100,null);
Insert into EMPLOYEES_TEMP (EMPLOYEE_ID,SALARY,COMMISSION_PCT) values (197,3000,null);
Insert into EMPLOYEES_TEMP (EMPLOYEE_ID,SALARY,COMMISSION_PCT) values (198,2600,null);
Insert into EMPLOYEES_TEMP (EMPLOYEE_ID,SALARY,COMMISSION_PCT) values (199,2600,null);
Insert into EMPLOYEES_TEMP (EMPLOYEE_ID,SALARY,COMMISSION_PCT) values (200,4400,null);
Insert into EMPLOYEES_TEMP (EMPLOYEE_ID,SALARY,COMMISSION_PCT) values (201,13000,null);
Insert into EMPLOYEES_TEMP (EMPLOYEE_ID,SALARY,COMMISSION_PCT) values (202,6000,null);
Insert into EMPLOYEES_TEMP (EMPLOYEE_ID,SALARY,COMMISSION_PCT) values (203,6500,null);
Insert into EMPLOYEES_TEMP (EMPLOYEE_ID,SALARY,COMMISSION_PCT) values (204,10000,null);
Insert into EMPLOYEES_TEMP (EMPLOYEE_ID,SALARY,COMMISSION_PCT) values (205,12000,null);
Insert into EMPLOYEES_TEMP (EMPLOYEE_ID,SALARY,COMMISSION_PCT) values (206,8300,null);


--------------------------------------------------------
--  DDL for Table JOB_GRADES
--------------------------------------------------------

CREATE TABLE JOB_GRADES (
  GRADE_LEVEL   VARCHAR(3) not null primary key, 
	LOWEST_SAL    INT, 
	HIGHEST_SAL   INT
);

Insert into JOB_GRADES (GRADE_LEVEL,LOWEST_SAL,HIGHEST_SAL) values ('A',1000,2999);
Insert into JOB_GRADES (GRADE_LEVEL,LOWEST_SAL,HIGHEST_SAL) values ('B',3000,5999);
Insert into JOB_GRADES (GRADE_LEVEL,LOWEST_SAL,HIGHEST_SAL) values ('C',6000,9999);
Insert into JOB_GRADES (GRADE_LEVEL,LOWEST_SAL,HIGHEST_SAL) values ('D',10000,14999);
Insert into JOB_GRADES (GRADE_LEVEL,LOWEST_SAL,HIGHEST_SAL) values ('E',15000,24999);
Insert into JOB_GRADES (GRADE_LEVEL,LOWEST_SAL,HIGHEST_SAL) values ('F',25000,40000);

--------------------------------------------------------
--  DDL for Table JOB_HISTORY
--------------------------------------------------------

CREATE TABLE JOB_HISTORY (
  EMPLOYEE_ID   	INT 				REFERENCES EMPLOYEES(EMPLOYEE_ID), 
	START_DATE    	DATE, 
	END_DATE      	DATE, 
	JOB_ID        	VARCHAR(10) REFERENCES JOBS(JOB_ID), 
	DEPARTMENT_ID 	INT 				REFERENCES DEPARTMENTS(DEPARTMENT_ID)
);

Insert into JOB_HISTORY (EMPLOYEE_ID, START_DATE,END_DATE,JOB_ID,DEPARTMENT_ID) values (102,'1993-01-13','1998-07-24','IT_PROG',60);
Insert into JOB_HISTORY (EMPLOYEE_ID, START_DATE,END_DATE,JOB_ID,DEPARTMENT_ID) values (101,'1989-09-21','1993-10-27','AC_ACCOUNT',110);
Insert into JOB_HISTORY (EMPLOYEE_ID, START_DATE,END_DATE,JOB_ID,DEPARTMENT_ID) values (101,'1993-10-28','1997-03-15','AC_MGR',110);
Insert into JOB_HISTORY (EMPLOYEE_ID, START_DATE,END_DATE,JOB_ID,DEPARTMENT_ID) values (201,'1996-02-17','1999-12-19','MK_REP',20);
Insert into JOB_HISTORY (EMPLOYEE_ID, START_DATE,END_DATE,JOB_ID,DEPARTMENT_ID) values (114,'1998-03-24','1999-12-31','ST_CLERK',50);
Insert into JOB_HISTORY (EMPLOYEE_ID, START_DATE,END_DATE,JOB_ID,DEPARTMENT_ID) values (122,'1999-01-01','1999-12-31','ST_CLERK',50);
Insert into JOB_HISTORY (EMPLOYEE_ID, START_DATE,END_DATE,JOB_ID,DEPARTMENT_ID) values (200,'1987-09-17','1993-06-17','AD_ASST',90);
Insert into JOB_HISTORY (EMPLOYEE_ID, START_DATE,END_DATE,JOB_ID,DEPARTMENT_ID) values (176,'1998-03-24','1998-12-31','SA_REP',80);
Insert into JOB_HISTORY (EMPLOYEE_ID, START_DATE,END_DATE,JOB_ID,DEPARTMENT_ID) values (176,'1999-01-01','1999-12-31','SA_MAN',80);
Insert into JOB_HISTORY (EMPLOYEE_ID, START_DATE,END_DATE,JOB_ID,DEPARTMENT_ID) values (200,'1994-07-01','1998-12-31','AC_ACCOUNT',90);


--------------------------------------------------------
--  DDL for Table MESSAGES
--------------------------------------------------------

CREATE TABLE MESSAGES (
  RESULTS VARCHAR(80)
);

Insert into MESSAGES (RESULTS) values ('1');
Insert into MESSAGES (RESULTS) values ('2');
Insert into MESSAGES (RESULTS) values ('3');
Insert into MESSAGES (RESULTS) values ('4');
Insert into MESSAGES (RESULTS) values ('5');
Insert into MESSAGES (RESULTS) values ('7');
Insert into MESSAGES (RESULTS) values ('9');
Insert into MESSAGES (RESULTS) values ('10');
