--------------------------------------------------------
--  DDL for Table JOBS
--------------------------------------------------------

CREATE TABLE JOBS (
  	JOB_ID      VARCHAR(10) not null primary key, 
	JOB_TITLE   VARCHAR(35), 
	MIN_SALARY  INT, 
	MAX_SALARY  INT
);

Insert into JOBS (JOB_ID,JOB_TITLE,MIN_SALARY,MAX_SALARY) values ('AD_PRES','President',20000,40000);
Insert into JOBS (JOB_ID,JOB_TITLE,MIN_SALARY,MAX_SALARY) values ('AD_VP','Administration Vice President',15000,30000);
Insert into JOBS (JOB_ID,JOB_TITLE,MIN_SALARY,MAX_SALARY) values ('AD_ASST','Administration Assistant',3000,6000);
Insert into JOBS (JOB_ID,JOB_TITLE,MIN_SALARY,MAX_SALARY) values ('FI_MGR','Finance Manager',8200,16000);
Insert into JOBS (JOB_ID,JOB_TITLE,MIN_SALARY,MAX_SALARY) values ('FI_ACCOUNT','Accountant',4200,9000);
Insert into JOBS (JOB_ID,JOB_TITLE,MIN_SALARY,MAX_SALARY) values ('AC_MGR','Accounting Manager',8200,16000);
Insert into JOBS (JOB_ID,JOB_TITLE,MIN_SALARY,MAX_SALARY) values ('AC_ACCOUNT','Public Accountant',4200,9000);
Insert into JOBS (JOB_ID,JOB_TITLE,MIN_SALARY,MAX_SALARY) values ('SA_MAN','Sales Manager',10000,20000);
Insert into JOBS (JOB_ID,JOB_TITLE,MIN_SALARY,MAX_SALARY) values ('SA_REP','Sales Representative',6000,12000);
Insert into JOBS (JOB_ID,JOB_TITLE,MIN_SALARY,MAX_SALARY) values ('PU_MAN','Purchasing Manager',8000,15000);
Insert into JOBS (JOB_ID,JOB_TITLE,MIN_SALARY,MAX_SALARY) values ('PU_CLERK','Purchasing Clerk',2500,5500);
Insert into JOBS (JOB_ID,JOB_TITLE,MIN_SALARY,MAX_SALARY) values ('ST_MAN','Stock Manager',5500,8500);
Insert into JOBS (JOB_ID,JOB_TITLE,MIN_SALARY,MAX_SALARY) values ('ST_CLERK','Stock Clerk',2000,5000);
Insert into JOBS (JOB_ID,JOB_TITLE,MIN_SALARY,MAX_SALARY) values ('SH_CLERK','Shipping Clerk',2500,5500);
Insert into JOBS (JOB_ID,JOB_TITLE,MIN_SALARY,MAX_SALARY) values ('IT_PROG','Programmer',4000,10000);
Insert into JOBS (JOB_ID,JOB_TITLE,MIN_SALARY,MAX_SALARY) values ('MK_MAN','Marketing Manager',9000,15000);
Insert into JOBS (JOB_ID,JOB_TITLE,MIN_SALARY,MAX_SALARY) values ('MK_REP','Marketing Representative',4000,9000);
Insert into JOBS (JOB_ID,JOB_TITLE,MIN_SALARY,MAX_SALARY) values ('HR_REP','Human Resources Representative',4000,9000);
Insert into JOBS (JOB_ID,JOB_TITLE,MIN_SALARY,MAX_SALARY) values ('PR_REP','Public Relations Representative',4500,10500);

--------------------------------------------------------
--  DDL for Table EMPLOYEES
--------------------------------------------------------

CREATE TABLE EMPLOYEES (	
  EMPLOYEE_ID      SERIAL UNIQUE, 
	FIRST_NAME      VARCHAR(20), 
	LAST_NAME       VARCHAR(25), 
	EMAIL           VARCHAR(25), 
	PHONE_NUMBER    VARCHAR(20), 
	HIRE_DATE       DATE, 
	JOB_ID          VARCHAR(10) REFERENCES JOBS(JOB_ID), 
	SALARY          INT, 
	COMMISSION_PCT  INT, 
	MANAGER_ID      INT REFERENCES EMPLOYEES(EMPLOYEE_ID), 
	DEPARTMENT_ID   INT 
);


Insert into EMPLOYEES (FIRST_NAME,LAST_NAME,EMAIL,PHONE_NUMBER,HIRE_DATE,JOB_ID,SALARY,COMMISSION_PCT,MANAGER_ID,DEPARTMENT_ID) values ('Steven','King','SKING','515.123.4567','1987-06-17','AD_PRES',24000,null,null,9);
Insert into EMPLOYEES (FIRST_NAME,LAST_NAME,EMAIL,PHONE_NUMBER,HIRE_DATE,JOB_ID,SALARY,COMMISSION_PCT,MANAGER_ID,DEPARTMENT_ID) values ('Neena','Kochhar','NKOCHHAR','515.123.4568','1989-09-21','AD_VP',17000,null,1,9);
Insert into EMPLOYEES (FIRST_NAME,LAST_NAME,EMAIL,PHONE_NUMBER,HIRE_DATE,JOB_ID,SALARY,COMMISSION_PCT,MANAGER_ID,DEPARTMENT_ID) values ('Lex','De Haan','LDEHAAN','515.123.4569','1993-01-13','AD_VP',17000,null,1,9);
Insert into EMPLOYEES (FIRST_NAME,LAST_NAME,EMAIL,PHONE_NUMBER,HIRE_DATE,JOB_ID,SALARY,COMMISSION_PCT,MANAGER_ID,DEPARTMENT_ID) values ('Alexander','Hunold','AHUNOLD','590.423.4567','1990-01-03','IT_PROG',9000,null,2,6);
Insert into EMPLOYEES (FIRST_NAME,LAST_NAME,EMAIL,PHONE_NUMBER,HIRE_DATE,JOB_ID,SALARY,COMMISSION_PCT,MANAGER_ID,DEPARTMENT_ID) values ('Bruce','Ernst','BERNST','590.423.4568','1991-05-21','IT_PROG',6000,null,3,6);
Insert into EMPLOYEES (FIRST_NAME,LAST_NAME,EMAIL,PHONE_NUMBER,HIRE_DATE,JOB_ID,SALARY,COMMISSION_PCT,MANAGER_ID,DEPARTMENT_ID) values ('David','Austin','DAUSTIN','590.423.4569','1997-06-25','IT_PROG',4800,null,3,6);
Insert into EMPLOYEES (FIRST_NAME,LAST_NAME,EMAIL,PHONE_NUMBER,HIRE_DATE,JOB_ID,SALARY,COMMISSION_PCT,MANAGER_ID,DEPARTMENT_ID) values ('Valli','Pataballa','VPATABAL','590.423.4560','1998-02-05','IT_PROG',4800,null,3,6);
Insert into EMPLOYEES (FIRST_NAME,LAST_NAME,EMAIL,PHONE_NUMBER,HIRE_DATE,JOB_ID,SALARY,COMMISSION_PCT,MANAGER_ID,DEPARTMENT_ID) values ('Diana','Lorentz','DLORENTZ','590.423.5567','1999-02-07','IT_PROG',4200,null,3,6);
Insert into EMPLOYEES (FIRST_NAME,LAST_NAME,EMAIL,PHONE_NUMBER,HIRE_DATE,JOB_ID,SALARY,COMMISSION_PCT,MANAGER_ID,DEPARTMENT_ID) values ('Nancy','Greenberg','NGREENBE','515.124.4569','1994-08-17','FI_MGR',12000,null,1,1);
Insert into EMPLOYEES (FIRST_NAME,LAST_NAME,EMAIL,PHONE_NUMBER,HIRE_DATE,JOB_ID,SALARY,COMMISSION_PCT,MANAGER_ID,DEPARTMENT_ID) values ('Daniel','Faviet','DFAVIET','515.124.4169','1994-08-16','FI_ACCOUNT',9000,null,8,1);
Insert into EMPLOYEES (FIRST_NAME,LAST_NAME,EMAIL,PHONE_NUMBER,HIRE_DATE,JOB_ID,SALARY,COMMISSION_PCT,MANAGER_ID,DEPARTMENT_ID) values ('John','Chen','JCHEN','515.124.4269','1997-09-28','FI_ACCOUNT',8200,null,8,1);
Insert into EMPLOYEES (FIRST_NAME,LAST_NAME,EMAIL,PHONE_NUMBER,HIRE_DATE,JOB_ID,SALARY,COMMISSION_PCT,MANAGER_ID,DEPARTMENT_ID) values ('Ismael','Sciarra','ISCIARRA','515.124.4369','1997-09-30','FI_ACCOUNT',7700,null,8,1);
Insert into EMPLOYEES (FIRST_NAME,LAST_NAME,EMAIL,PHONE_NUMBER,HIRE_DATE,JOB_ID,SALARY,COMMISSION_PCT,MANAGER_ID,DEPARTMENT_ID) values ('Jose Manuel','Urman','JMURMAN','515.124.4469','1998-03-07','FI_ACCOUNT',7800,null,8,1);
Insert into EMPLOYEES (FIRST_NAME,LAST_NAME,EMAIL,PHONE_NUMBER,HIRE_DATE,JOB_ID,SALARY,COMMISSION_PCT,MANAGER_ID,DEPARTMENT_ID) values ('Luis','Popp','LPOPP','515.124.4567','1999-12-07','FI_ACCOUNT',6900,null,8,1);
Insert into EMPLOYEES (FIRST_NAME,LAST_NAME,EMAIL,PHONE_NUMBER,HIRE_DATE,JOB_ID,SALARY,COMMISSION_PCT,MANAGER_ID,DEPARTMENT_ID) values ('Den','Raphaely','DRAPHEAL','515.127.4561','1994-12-07','PU_MAN',11000,null,1,3);
Insert into EMPLOYEES (FIRST_NAME,LAST_NAME,EMAIL,PHONE_NUMBER,HIRE_DATE,JOB_ID,SALARY,COMMISSION_PCT,MANAGER_ID,DEPARTMENT_ID) values ('Alexander','Khoo','AKHOO','515.127.4562','1995-05-18','PU_CLERK',3100,null,14,3);
Insert into EMPLOYEES (FIRST_NAME,LAST_NAME,EMAIL,PHONE_NUMBER,HIRE_DATE,JOB_ID,SALARY,COMMISSION_PCT,MANAGER_ID,DEPARTMENT_ID) values ('Shelli','Baida','SBAIDA','515.127.4563','1997-12-24','PU_CLERK',2900,null,14,3);
Insert into EMPLOYEES (FIRST_NAME,LAST_NAME,EMAIL,PHONE_NUMBER,HIRE_DATE,JOB_ID,SALARY,COMMISSION_PCT,MANAGER_ID,DEPARTMENT_ID) values ('Sigal','Tobias','STOBIAS','515.127.4564','1997-07-24','PU_CLERK',2800,null,14,3);
Insert into EMPLOYEES (FIRST_NAME,LAST_NAME,EMAIL,PHONE_NUMBER,HIRE_DATE,JOB_ID,SALARY,COMMISSION_PCT,MANAGER_ID,DEPARTMENT_ID) values ('Guy','Himuro','GHIMURO','515.127.4565','1998-11-15','PU_CLERK',2600,null,14,3);
Insert into EMPLOYEES (FIRST_NAME,LAST_NAME,EMAIL,PHONE_NUMBER,HIRE_DATE,JOB_ID,SALARY,COMMISSION_PCT,MANAGER_ID,DEPARTMENT_ID) values ('Karen','Colmenares','KCOLMENA','515.127.4566','1999-08-10','PU_CLERK',2500,null,14,3);
Insert into EMPLOYEES (FIRST_NAME,LAST_NAME,EMAIL,PHONE_NUMBER,HIRE_DATE,JOB_ID,SALARY,COMMISSION_PCT,MANAGER_ID,DEPARTMENT_ID) values ('Matthew','Weiss','MWEISS','650.123.1234','1996-07-18','ST_MAN',8000,null,1,5);
Insert into EMPLOYEES (FIRST_NAME,LAST_NAME,EMAIL,PHONE_NUMBER,HIRE_DATE,JOB_ID,SALARY,COMMISSION_PCT,MANAGER_ID,DEPARTMENT_ID) values ('Adam','Fripp','AFRIPP','650.123.2234','1997-04-10','ST_MAN',8200,null,1,5);
Insert into EMPLOYEES (FIRST_NAME,LAST_NAME,EMAIL,PHONE_NUMBER,HIRE_DATE,JOB_ID,SALARY,COMMISSION_PCT,MANAGER_ID,DEPARTMENT_ID) values ('Payam','Kaufling','PKAUFLIN','650.123.3234','1995-05-01','ST_MAN',7900,null,1,5);
Insert into EMPLOYEES (FIRST_NAME,LAST_NAME,EMAIL,PHONE_NUMBER,HIRE_DATE,JOB_ID,SALARY,COMMISSION_PCT,MANAGER_ID,DEPARTMENT_ID) values ('Shanta','Vollman','SVOLLMAN','650.123.4234','1997-10-10','ST_MAN',6500,null,1,5);
Insert into EMPLOYEES (FIRST_NAME,LAST_NAME,EMAIL,PHONE_NUMBER,HIRE_DATE,JOB_ID,SALARY,COMMISSION_PCT,MANAGER_ID,DEPARTMENT_ID) values ('Kevin','Mourgos','KMOURGOS','650.123.5234','1999-11-16','ST_MAN',5800,null,1,5);
Insert into EMPLOYEES (FIRST_NAME,LAST_NAME,EMAIL,PHONE_NUMBER,HIRE_DATE,JOB_ID,SALARY,COMMISSION_PCT,MANAGER_ID,DEPARTMENT_ID) values ('Julia','Nayer','JNAYER','650.124.1214','1997-07-16','ST_CLERK',3200,null,12,5);
Insert into EMPLOYEES (FIRST_NAME,LAST_NAME,EMAIL,PHONE_NUMBER,HIRE_DATE,JOB_ID,SALARY,COMMISSION_PCT,MANAGER_ID,DEPARTMENT_ID) values ('Irene','Mikkilineni','IMIKKILI','650.124.1224','1998-09-28','ST_CLERK',2700,null,12,5);
Insert into EMPLOYEES (FIRST_NAME,LAST_NAME,EMAIL,PHONE_NUMBER,HIRE_DATE,JOB_ID,SALARY,COMMISSION_PCT,MANAGER_ID,DEPARTMENT_ID) values ('James','Landry','JLANDRY','650.124.1334','1999-01-14','ST_CLERK',2400,null,12,5);
Insert into EMPLOYEES (FIRST_NAME,LAST_NAME,EMAIL,PHONE_NUMBER,HIRE_DATE,JOB_ID,SALARY,COMMISSION_PCT,MANAGER_ID,DEPARTMENT_ID) values ('Steven','Markle','SMARKLE','650.124.1434','2000-03-08','ST_CLERK',2200,null,12,5);
Insert into EMPLOYEES (FIRST_NAME,LAST_NAME,EMAIL,PHONE_NUMBER,HIRE_DATE,JOB_ID,SALARY,COMMISSION_PCT,MANAGER_ID,DEPARTMENT_ID) values ('Laura','Bissot','LBISSOT','650.124.5234','1997-08-20','ST_CLERK',3300,null,21,5);
Insert into EMPLOYEES (FIRST_NAME,LAST_NAME,EMAIL,PHONE_NUMBER,HIRE_DATE,JOB_ID,SALARY,COMMISSION_PCT,MANAGER_ID,DEPARTMENT_ID) values ('Mozhe','Atkinson','MATKINSO','650.124.6234','1997-10-30','ST_CLERK',2800,null,21,5);
Insert into EMPLOYEES (FIRST_NAME,LAST_NAME,EMAIL,PHONE_NUMBER,HIRE_DATE,JOB_ID,SALARY,COMMISSION_PCT,MANAGER_ID,DEPARTMENT_ID) values ('James','Marlow','JAMRLOW','650.124.7234','1997-02-16','ST_CLERK',2500,null,21,5);
Insert into EMPLOYEES (FIRST_NAME,LAST_NAME,EMAIL,PHONE_NUMBER,HIRE_DATE,JOB_ID,SALARY,COMMISSION_PCT,MANAGER_ID,DEPARTMENT_ID) values ('TJ','Olson','TJOLSON','650.124.8234','1999-04-10','ST_CLERK',2100,null,21,5);
Insert into EMPLOYEES (FIRST_NAME,LAST_NAME,EMAIL,PHONE_NUMBER,HIRE_DATE,JOB_ID,SALARY,COMMISSION_PCT,MANAGER_ID,DEPARTMENT_ID) values ('Jason','Mallin','JMALLIN','650.127.1934','1996-06-14','ST_CLERK',3300,null,22,5);
Insert into EMPLOYEES (FIRST_NAME,LAST_NAME,EMAIL,PHONE_NUMBER,HIRE_DATE,JOB_ID,SALARY,COMMISSION_PCT,MANAGER_ID,DEPARTMENT_ID) values ('Michael','Rogers','MROGERS','650.127.1834','1998-08-26','ST_CLERK',2900,null,22,5);
Insert into EMPLOYEES (FIRST_NAME,LAST_NAME,EMAIL,PHONE_NUMBER,HIRE_DATE,JOB_ID,SALARY,COMMISSION_PCT,MANAGER_ID,DEPARTMENT_ID) values ('Ki','Gee','KGEE','650.127.1734','1999-12-12','ST_CLERK',2400,null,22,5);
Insert into EMPLOYEES (FIRST_NAME,LAST_NAME,EMAIL,PHONE_NUMBER,HIRE_DATE,JOB_ID,SALARY,COMMISSION_PCT,MANAGER_ID,DEPARTMENT_ID) values ('Hazel','Philtanker','HPHILTAN','650.127.1634','2000-02-06','ST_CLERK',2200,null,22,5);
Insert into EMPLOYEES (FIRST_NAME,LAST_NAME,EMAIL,PHONE_NUMBER,HIRE_DATE,JOB_ID,SALARY,COMMISSION_PCT,MANAGER_ID,DEPARTMENT_ID) values ('Renske','Ladwig','RLADWIG','650.121.1234','1995-07-14','ST_CLERK',3600,null,23,5);
Insert into EMPLOYEES (FIRST_NAME,LAST_NAME,EMAIL,PHONE_NUMBER,HIRE_DATE,JOB_ID,SALARY,COMMISSION_PCT,MANAGER_ID,DEPARTMENT_ID) values ('Stephen','Stiles','SSTILES','650.121.2034','1997-10-26','ST_CLERK',3200,null,23,5);
Insert into EMPLOYEES (FIRST_NAME,LAST_NAME,EMAIL,PHONE_NUMBER,HIRE_DATE,JOB_ID,SALARY,COMMISSION_PCT,MANAGER_ID,DEPARTMENT_ID) values ('John','Seo','JSEO','650.121.2019','1998-02-12','ST_CLERK',2700,null,23,5);
Insert into EMPLOYEES (FIRST_NAME,LAST_NAME,EMAIL,PHONE_NUMBER,HIRE_DATE,JOB_ID,SALARY,COMMISSION_PCT,MANAGER_ID,DEPARTMENT_ID) values ('Joshua','Patel','JPATEL','650.121.1834','1998-04-06','ST_CLERK',2500,null,23,5);
Insert into EMPLOYEES (FIRST_NAME,LAST_NAME,EMAIL,PHONE_NUMBER,HIRE_DATE,JOB_ID,SALARY,COMMISSION_PCT,MANAGER_ID,DEPARTMENT_ID) values ('Trenna','Rajs','TRAJS','650.121.8009','1995-10-17','ST_CLERK',3500,null,24,5);
Insert into EMPLOYEES (FIRST_NAME,LAST_NAME,EMAIL,PHONE_NUMBER,HIRE_DATE,JOB_ID,SALARY,COMMISSION_PCT,MANAGER_ID,DEPARTMENT_ID) values ('Curtis','Davies','CDAVIES','650.121.2994','1997-01-29','ST_CLERK',3100,null,24,5);
Insert into EMPLOYEES (FIRST_NAME,LAST_NAME,EMAIL,PHONE_NUMBER,HIRE_DATE,JOB_ID,SALARY,COMMISSION_PCT,MANAGER_ID,DEPARTMENT_ID) values ('Randall','Matos','RMATOS','650.121.2874','1998-03-15','ST_CLERK',2600,null,24,5);
Insert into EMPLOYEES (FIRST_NAME,LAST_NAME,EMAIL,PHONE_NUMBER,HIRE_DATE,JOB_ID,SALARY,COMMISSION_PCT,MANAGER_ID,DEPARTMENT_ID) values ('Peter','Vargas','PVARGAS','650.121.2004','1998-07-09','ST_CLERK',2500,null,24,5);
Insert into EMPLOYEES (FIRST_NAME,LAST_NAME,EMAIL,PHONE_NUMBER,HIRE_DATE,JOB_ID,SALARY,COMMISSION_PCT,MANAGER_ID,DEPARTMENT_ID) values ('John','Russell','JRUSSEL','011.44.1344.429268','1996-10-01','SA_MAN',14000,0.4,1,8);
Insert into EMPLOYEES (FIRST_NAME,LAST_NAME,EMAIL,PHONE_NUMBER,HIRE_DATE,JOB_ID,SALARY,COMMISSION_PCT,MANAGER_ID,DEPARTMENT_ID) values ('Karen','Partners','KPARTNER','011.44.1344.467268','1997-01-05','SA_MAN',13500,0.3,1,8);
Insert into EMPLOYEES (FIRST_NAME,LAST_NAME,EMAIL,PHONE_NUMBER,HIRE_DATE,JOB_ID,SALARY,COMMISSION_PCT,MANAGER_ID,DEPARTMENT_ID) values ('Alberto','Errazuriz','AERRAZUR','011.44.1344.429278','1997-03-10','SA_MAN',12000,0.3,1,8);
Insert into EMPLOYEES (FIRST_NAME,LAST_NAME,EMAIL,PHONE_NUMBER,HIRE_DATE,JOB_ID,SALARY,COMMISSION_PCT,MANAGER_ID,DEPARTMENT_ID) values ('Gerald','Cambrault','GCAMBRAU','011.44.1344.619268','1999-10-15','SA_MAN',11000,0.3,1,8);
Insert into EMPLOYEES (FIRST_NAME,LAST_NAME,EMAIL,PHONE_NUMBER,HIRE_DATE,JOB_ID,SALARY,COMMISSION_PCT,MANAGER_ID,DEPARTMENT_ID) values ('Eleni','Zlotkey','EZLOTKEY','011.44.1344.429018','2000-01-29','SA_MAN',10500,0.2,1,8);
Insert into EMPLOYEES (FIRST_NAME,LAST_NAME,EMAIL,PHONE_NUMBER,HIRE_DATE,JOB_ID,SALARY,COMMISSION_PCT,MANAGER_ID,DEPARTMENT_ID) values ('Peter','Tucker','PTUCKER','011.44.1344.129268','1997-01-30','SA_REP',10000,0.3,45,8);
Insert into EMPLOYEES (FIRST_NAME,LAST_NAME,EMAIL,PHONE_NUMBER,HIRE_DATE,JOB_ID,SALARY,COMMISSION_PCT,MANAGER_ID,DEPARTMENT_ID) values ('David','Bernstein','DBERNSTE','011.44.1344.345268','1997-03-24','SA_REP',9500,0.25,45,8);
Insert into EMPLOYEES (FIRST_NAME,LAST_NAME,EMAIL,PHONE_NUMBER,HIRE_DATE,JOB_ID,SALARY,COMMISSION_PCT,MANAGER_ID,DEPARTMENT_ID) values ('Peter','Hall','PHALL','011.44.1344.478968','1997-08-20','SA_REP',9000,0.25,45,8);
Insert into EMPLOYEES (FIRST_NAME,LAST_NAME,EMAIL,PHONE_NUMBER,HIRE_DATE,JOB_ID,SALARY,COMMISSION_PCT,MANAGER_ID,DEPARTMENT_ID) values ('Christopher','Olsen','COLSEN','011.44.1344.498718','1998-03-30','SA_REP',8000,0.2,45,8);
Insert into EMPLOYEES (FIRST_NAME,LAST_NAME,EMAIL,PHONE_NUMBER,HIRE_DATE,JOB_ID,SALARY,COMMISSION_PCT,MANAGER_ID,DEPARTMENT_ID) values ('Nanette','Cambrault','NCAMBRAU','011.44.1344.987668','1998-12-09','SA_REP',7500,0.2,45,8);
Insert into EMPLOYEES (FIRST_NAME,LAST_NAME,EMAIL,PHONE_NUMBER,HIRE_DATE,JOB_ID,SALARY,COMMISSION_PCT,MANAGER_ID,DEPARTMENT_ID) values ('Oliver','Tuvault','OTUVAULT','011.44.1344.486508','1999-11-23','SA_REP',7000,0.15,45,8);
Insert into EMPLOYEES (FIRST_NAME,LAST_NAME,EMAIL,PHONE_NUMBER,HIRE_DATE,JOB_ID,SALARY,COMMISSION_PCT,MANAGER_ID,DEPARTMENT_ID) values ('Janette','King','JKING','011.44.1345.429268','1996-01-30','SA_REP',10000,0.35,46,8);
Insert into EMPLOYEES (FIRST_NAME,LAST_NAME,EMAIL,PHONE_NUMBER,HIRE_DATE,JOB_ID,SALARY,COMMISSION_PCT,MANAGER_ID,DEPARTMENT_ID) values ('Patrick','Sully','PSULLY','011.44.1345.929268','1996-03-04','SA_REP',9500,0.35,46,8);
Insert into EMPLOYEES (FIRST_NAME,LAST_NAME,EMAIL,PHONE_NUMBER,HIRE_DATE,JOB_ID,SALARY,COMMISSION_PCT,MANAGER_ID,DEPARTMENT_ID) values ('Allan','McEwen','AMCEWEN','011.44.1345.829268','1996-08-01','SA_REP',9000,0.35,46,8);
Insert into EMPLOYEES (FIRST_NAME,LAST_NAME,EMAIL,PHONE_NUMBER,HIRE_DATE,JOB_ID,SALARY,COMMISSION_PCT,MANAGER_ID,DEPARTMENT_ID) values ('Lindsey','Smith','LSMITH','011.44.1345.729268','1997-03-10','SA_REP',8000,0.3,46,8);
Insert into EMPLOYEES (FIRST_NAME,LAST_NAME,EMAIL,PHONE_NUMBER,HIRE_DATE,JOB_ID,SALARY,COMMISSION_PCT,MANAGER_ID,DEPARTMENT_ID) values ('Louise','Doran','LDORAN','011.44.1345.629268','1997-12-15','SA_REP',7500,0.3,46,8);
Insert into EMPLOYEES (FIRST_NAME,LAST_NAME,EMAIL,PHONE_NUMBER,HIRE_DATE,JOB_ID,SALARY,COMMISSION_PCT,MANAGER_ID,DEPARTMENT_ID) values ('Sarath','Sewall','SSEWALL','011.44.1345.529268','1998-11-03','SA_REP',7000,0.25,46,8);
Insert into EMPLOYEES (FIRST_NAME,LAST_NAME,EMAIL,PHONE_NUMBER,HIRE_DATE,JOB_ID,SALARY,COMMISSION_PCT,MANAGER_ID,DEPARTMENT_ID) values ('Clara','Vishney','CVISHNEY','011.44.1346.129268','1997-11-11','SA_REP',10500,0.25,47,8);
Insert into EMPLOYEES (FIRST_NAME,LAST_NAME,EMAIL,PHONE_NUMBER,HIRE_DATE,JOB_ID,SALARY,COMMISSION_PCT,MANAGER_ID,DEPARTMENT_ID) values ('Danielle','Greene','DGREENE','011.44.1346.229268','1999-03-19','SA_REP',9500,0.15,47,8);
Insert into EMPLOYEES (FIRST_NAME,LAST_NAME,EMAIL,PHONE_NUMBER,HIRE_DATE,JOB_ID,SALARY,COMMISSION_PCT,MANAGER_ID,DEPARTMENT_ID) values ('Mattea','Marvins','MMARVINS','011.44.1346.329268','2000-01-24','SA_REP',7200,0.1,47,8);
Insert into EMPLOYEES (FIRST_NAME,LAST_NAME,EMAIL,PHONE_NUMBER,HIRE_DATE,JOB_ID,SALARY,COMMISSION_PCT,MANAGER_ID,DEPARTMENT_ID) values ('David','Lee','DLEE','011.44.1346.529268','2000-02-23','SA_REP',6800,0.1,47,8);
Insert into EMPLOYEES (FIRST_NAME,LAST_NAME,EMAIL,PHONE_NUMBER,HIRE_DATE,JOB_ID,SALARY,COMMISSION_PCT,MANAGER_ID,DEPARTMENT_ID) values ('Sundar','Ande','SANDE','011.44.1346.629268','2000-03-24','SA_REP',6400,0.1,47,8);
Insert into EMPLOYEES (FIRST_NAME,LAST_NAME,EMAIL,PHONE_NUMBER,HIRE_DATE,JOB_ID,SALARY,COMMISSION_PCT,MANAGER_ID,DEPARTMENT_ID) values ('Amit','Banda','ABANDA','011.44.1346.729268','2000-04-21','SA_REP',6200,0.1,47,8);
Insert into EMPLOYEES (FIRST_NAME,LAST_NAME,EMAIL,PHONE_NUMBER,HIRE_DATE,JOB_ID,SALARY,COMMISSION_PCT,MANAGER_ID,DEPARTMENT_ID) values ('Lisa','Ozer','LOZER','011.44.1343.929268','1997-03-11','SA_REP',11500,0.25,48,8);
Insert into EMPLOYEES (FIRST_NAME,LAST_NAME,EMAIL,PHONE_NUMBER,HIRE_DATE,JOB_ID,SALARY,COMMISSION_PCT,MANAGER_ID,DEPARTMENT_ID) values ('Harrison','Bloom','HBLOOM','011.44.1343.829268','1998-03-23','SA_REP',10000,0.2,48,8);
Insert into EMPLOYEES (FIRST_NAME,LAST_NAME,EMAIL,PHONE_NUMBER,HIRE_DATE,JOB_ID,SALARY,COMMISSION_PCT,MANAGER_ID,DEPARTMENT_ID) values ('Tayler','Fox','TFOX','011.44.1343.729268','1998-01-24','SA_REP',9600,0.2,48,8);
Insert into EMPLOYEES (FIRST_NAME,LAST_NAME,EMAIL,PHONE_NUMBER,HIRE_DATE,JOB_ID,SALARY,COMMISSION_PCT,MANAGER_ID,DEPARTMENT_ID) values ('William','Smith','WSMITH','011.44.1343.629268','1999-02-23','SA_REP',7400,0.15,48,8);
Insert into EMPLOYEES (FIRST_NAME,LAST_NAME,EMAIL,PHONE_NUMBER,HIRE_DATE,JOB_ID,SALARY,COMMISSION_PCT,MANAGER_ID,DEPARTMENT_ID) values ('Elizabeth','Bates','EBATES','011.44.1343.529268','1999-03-24','SA_REP',7300,0.15,48,8);
Insert into EMPLOYEES (FIRST_NAME,LAST_NAME,EMAIL,PHONE_NUMBER,HIRE_DATE,JOB_ID,SALARY,COMMISSION_PCT,MANAGER_ID,DEPARTMENT_ID) values ('Sundita','Kumar','SKUMAR','011.44.1343.329268','2000-04-21','SA_REP',6100,0.1,48,8);
Insert into EMPLOYEES (FIRST_NAME,LAST_NAME,EMAIL,PHONE_NUMBER,HIRE_DATE,JOB_ID,SALARY,COMMISSION_PCT,MANAGER_ID,DEPARTMENT_ID) values ('Ellen','Abel','EABEL','011.44.1644.429267','1996-05-11','SA_REP',11000,0.3,49,8);
Insert into EMPLOYEES (FIRST_NAME,LAST_NAME,EMAIL,PHONE_NUMBER,HIRE_DATE,JOB_ID,SALARY,COMMISSION_PCT,MANAGER_ID,DEPARTMENT_ID) values ('Alyssa','Hutton','AHUTTON','011.44.1644.429266','1997-03-19','SA_REP',8800,0.25,49,8);
Insert into EMPLOYEES (FIRST_NAME,LAST_NAME,EMAIL,PHONE_NUMBER,HIRE_DATE,JOB_ID,SALARY,COMMISSION_PCT,MANAGER_ID,DEPARTMENT_ID) values ('Jonathon','Taylor','JTAYLOR','011.44.1644.429265','1998-03-24','SA_REP',8600,0.2,49,8);
Insert into EMPLOYEES (FIRST_NAME,LAST_NAME,EMAIL,PHONE_NUMBER,HIRE_DATE,JOB_ID,SALARY,COMMISSION_PCT,MANAGER_ID,DEPARTMENT_ID) values ('Jack','Livingston','JLIVINGS','011.44.1644.429264','1998-04-23','SA_REP',8400,0.2,49,8);
Insert into EMPLOYEES (FIRST_NAME,LAST_NAME,EMAIL,PHONE_NUMBER,HIRE_DATE,JOB_ID,SALARY,COMMISSION_PCT,MANAGER_ID,DEPARTMENT_ID) values ('Kimberely','Grant','KGRANT','011.44.1644.429263','1999-05-24','SA_REP',7000,0.15,49,null);
Insert into EMPLOYEES (FIRST_NAME,LAST_NAME,EMAIL,PHONE_NUMBER,HIRE_DATE,JOB_ID,SALARY,COMMISSION_PCT,MANAGER_ID,DEPARTMENT_ID) values ('Charles','Johnson','CJOHNSON','011.44.1644.429262','2000-01-04','SA_REP',6200,0.1,49,8);
Insert into EMPLOYEES (FIRST_NAME,LAST_NAME,EMAIL,PHONE_NUMBER,HIRE_DATE,JOB_ID,SALARY,COMMISSION_PCT,MANAGER_ID,DEPARTMENT_ID) values ('Winston','Taylor','WTAYLOR','650.507.9876','1998-01-24','SH_CLERK',3200,null,12,5);
Insert into EMPLOYEES (FIRST_NAME,LAST_NAME,EMAIL,PHONE_NUMBER,HIRE_DATE,JOB_ID,SALARY,COMMISSION_PCT,MANAGER_ID,DEPARTMENT_ID) values ('Jean','Fleaur','JFLEAUR','650.507.9877','1998-02-23','SH_CLERK',3100,null,12,5);
Insert into EMPLOYEES (FIRST_NAME,LAST_NAME,EMAIL,PHONE_NUMBER,HIRE_DATE,JOB_ID,SALARY,COMMISSION_PCT,MANAGER_ID,DEPARTMENT_ID) values ('Martha','Sullivan','MSULLIVA','650.507.9878','1999-06-21','SH_CLERK',2500,null,12,5);
Insert into EMPLOYEES (FIRST_NAME,LAST_NAME,EMAIL,PHONE_NUMBER,HIRE_DATE,JOB_ID,SALARY,COMMISSION_PCT,MANAGER_ID,DEPARTMENT_ID) values ('Girard','Geoni','GGEONI','650.507.9879','2000-02-03','SH_CLERK',2800,null,12,5);
Insert into EMPLOYEES (FIRST_NAME,LAST_NAME,EMAIL,PHONE_NUMBER,HIRE_DATE,JOB_ID,SALARY,COMMISSION_PCT,MANAGER_ID,DEPARTMENT_ID) values ('Nandita','Sarchand','NSARCHAN','650.509.1876','1996-01-27','SH_CLERK',4200,null,21,5);
Insert into EMPLOYEES (FIRST_NAME,LAST_NAME,EMAIL,PHONE_NUMBER,HIRE_DATE,JOB_ID,SALARY,COMMISSION_PCT,MANAGER_ID,DEPARTMENT_ID) values ('Alexis','Bull','ABULL','650.509.2876','1997-02-20','SH_CLERK',4100,null,21,5);
Insert into EMPLOYEES (FIRST_NAME,LAST_NAME,EMAIL,PHONE_NUMBER,HIRE_DATE,JOB_ID,SALARY,COMMISSION_PCT,MANAGER_ID,DEPARTMENT_ID) values ('Julia','Dellinger','JDELLING','650.509.3876','1998-06-24','SH_CLERK',3400,null,21,5);
Insert into EMPLOYEES (FIRST_NAME,LAST_NAME,EMAIL,PHONE_NUMBER,HIRE_DATE,JOB_ID,SALARY,COMMISSION_PCT,MANAGER_ID,DEPARTMENT_ID) values ('Anthony','Cabrio','ACABRIO','650.509.4876','1999-02-07','SH_CLERK',3000,null,21,5);
Insert into EMPLOYEES (FIRST_NAME,LAST_NAME,EMAIL,PHONE_NUMBER,HIRE_DATE,JOB_ID,SALARY,COMMISSION_PCT,MANAGER_ID,DEPARTMENT_ID) values ('Kelly','Chung','KCHUNG','650.505.1876','1997-06-14','SH_CLERK',3800,null,22,5);
Insert into EMPLOYEES (FIRST_NAME,LAST_NAME,EMAIL,PHONE_NUMBER,HIRE_DATE,JOB_ID,SALARY,COMMISSION_PCT,MANAGER_ID,DEPARTMENT_ID) values ('Jennifer','Dilly','JDILLY','650.505.2876','1997-08-13','SH_CLERK',3600,null,22,5);
Insert into EMPLOYEES (FIRST_NAME,LAST_NAME,EMAIL,PHONE_NUMBER,HIRE_DATE,JOB_ID,SALARY,COMMISSION_PCT,MANAGER_ID,DEPARTMENT_ID) values ('Timothy','Gates','TGATES','650.505.3876','1998-07-11','SH_CLERK',2900,null,22,5);
Insert into EMPLOYEES (FIRST_NAME,LAST_NAME,EMAIL,PHONE_NUMBER,HIRE_DATE,JOB_ID,SALARY,COMMISSION_PCT,MANAGER_ID,DEPARTMENT_ID) values ('Randall','Perkins','RPERKINS','650.505.4876','1999-12-19','SH_CLERK',2500,null,22,5);
Insert into EMPLOYEES (FIRST_NAME,LAST_NAME,EMAIL,PHONE_NUMBER,HIRE_DATE,JOB_ID,SALARY,COMMISSION_PCT,MANAGER_ID,DEPARTMENT_ID) values ('Sarah','Bell','SBELL','650.501.1876','1996-02-04','SH_CLERK',4000,null,23,5);
Insert into EMPLOYEES (FIRST_NAME,LAST_NAME,EMAIL,PHONE_NUMBER,HIRE_DATE,JOB_ID,SALARY,COMMISSION_PCT,MANAGER_ID,DEPARTMENT_ID) values ('Britney','Everett','BEVERETT','650.501.2876','1997-03-03','SH_CLERK',3900,null,23,5);
Insert into EMPLOYEES (FIRST_NAME,LAST_NAME,EMAIL,PHONE_NUMBER,HIRE_DATE,JOB_ID,SALARY,COMMISSION_PCT,MANAGER_ID,DEPARTMENT_ID) values ('Samuel','McCain','SMCCAIN','650.501.3876','1998-07-01','SH_CLERK',3200,null,23,5);
Insert into EMPLOYEES (FIRST_NAME,LAST_NAME,EMAIL,PHONE_NUMBER,HIRE_DATE,JOB_ID,SALARY,COMMISSION_PCT,MANAGER_ID,DEPARTMENT_ID) values ('Vance','Jones','VJONES','650.501.4876','1999-03-17','SH_CLERK',2800,null,23,5);
Insert into EMPLOYEES (FIRST_NAME,LAST_NAME,EMAIL,PHONE_NUMBER,HIRE_DATE,JOB_ID,SALARY,COMMISSION_PCT,MANAGER_ID,DEPARTMENT_ID) values ('Alana','Walsh','AWALSH','650.507.9811','1998-04-24','SH_CLERK',3100,null,24,5);
Insert into EMPLOYEES (FIRST_NAME,LAST_NAME,EMAIL,PHONE_NUMBER,HIRE_DATE,JOB_ID,SALARY,COMMISSION_PCT,MANAGER_ID,DEPARTMENT_ID) values ('Kevin','Feeney','KFEENEY','650.507.9822','1998-05-23','SH_CLERK',3000,null,24,5);
Insert into EMPLOYEES (FIRST_NAME,LAST_NAME,EMAIL,PHONE_NUMBER,HIRE_DATE,JOB_ID,SALARY,COMMISSION_PCT,MANAGER_ID,DEPARTMENT_ID) values ('Donald','OConnell','DOCONNEL','650.507.9833','1999-06-21','SH_CLERK',2600,null,24,5);
Insert into EMPLOYEES (FIRST_NAME,LAST_NAME,EMAIL,PHONE_NUMBER,HIRE_DATE,JOB_ID,SALARY,COMMISSION_PCT,MANAGER_ID,DEPARTMENT_ID) values ('Douglas','Grant','DGRANT','650.507.9844','2000-01-13','SH_CLERK',2600,null,24,5);
Insert into EMPLOYEES (FIRST_NAME,LAST_NAME,EMAIL,PHONE_NUMBER,HIRE_DATE,JOB_ID,SALARY,COMMISSION_PCT,MANAGER_ID,DEPARTMENT_ID) values ('Jennifer','Whalen','JWHALEN','515.123.4444','1987-09-17','AD_ASST',4400,null,2,10);
Insert into EMPLOYEES (FIRST_NAME,LAST_NAME,EMAIL,PHONE_NUMBER,HIRE_DATE,JOB_ID,SALARY,COMMISSION_PCT,MANAGER_ID,DEPARTMENT_ID) values ('Michael','Hartstein','MHARTSTE','515.123.5555','1996-02-17','MK_MAN',13000,null,1,20);
Insert into EMPLOYEES (FIRST_NAME,LAST_NAME,EMAIL,PHONE_NUMBER,HIRE_DATE,JOB_ID,SALARY,COMMISSION_PCT,MANAGER_ID,DEPARTMENT_ID) values ('Pat','Fay','PFAY','603.123.6666','1997-08-17','MK_REP',6000,null,1,20);
Insert into EMPLOYEES (FIRST_NAME,LAST_NAME,EMAIL,PHONE_NUMBER,HIRE_DATE,JOB_ID,SALARY,COMMISSION_PCT,MANAGER_ID,DEPARTMENT_ID) values ('Susan','Mavris','SMAVRIS','515.123.7777','1994-06-07','HR_REP',6500,null,2,18);
Insert into EMPLOYEES (FIRST_NAME,LAST_NAME,EMAIL,PHONE_NUMBER,HIRE_DATE,JOB_ID,SALARY,COMMISSION_PCT,MANAGER_ID,DEPARTMENT_ID) values ('Hermann','Baer','HBAER','515.123.8888','1994-06-07','PR_REP',10000,null,2,19);
Insert into EMPLOYEES (FIRST_NAME,LAST_NAME,EMAIL,PHONE_NUMBER,HIRE_DATE,JOB_ID,SALARY,COMMISSION_PCT,MANAGER_ID,DEPARTMENT_ID) values ('Shelley','Higgins','SHIGGINS','515.123.8080','1994-06-07','AC_MGR',12000,null,2,2);
Insert into EMPLOYEES (FIRST_NAME,LAST_NAME,EMAIL,PHONE_NUMBER,HIRE_DATE,JOB_ID,SALARY,COMMISSION_PCT,MANAGER_ID,DEPARTMENT_ID) values ('William','Gietz','WGIETZ','515.123.8181','1994-06-07','AC_ACCOUNT',8300,null,5,2);

--------------------------------------------------------
--  DDL for Table REGIONS
--------------------------------------------------------

CREATE TABLE REGIONS (
  	REGION_ID   SERIAL UNIQUE, 
	REGION_NAME VARCHAR(25)
);

Insert into REGIONS (REGION_ID,REGION_NAME) values (1,'Europe');
Insert into REGIONS (REGION_ID,REGION_NAME) values (2,'Americas');
Insert into REGIONS (REGION_ID,REGION_NAME) values (3,'Asia');
Insert into REGIONS (REGION_ID,REGION_NAME) values (4,'Middle East and Africa');

--------------------------------------------------------
--  DDL for Table COUNTRIES
--------------------------------------------------------

CREATE TABLE COUNTRIES (	
	COUNTRY_ID 	    VARCHAR(2) not null primary key,
	COUNTRY_NAME 	VARCHAR(40),
	REGION_ID		INT REFERENCES REGIONS(REGION_ID)
);

Insert into COUNTRIES (COUNTRY_ID,COUNTRY_NAME,REGION_ID) values ('AR','Argentina',2);
Insert into COUNTRIES (COUNTRY_ID,COUNTRY_NAME,REGION_ID) values ('AU','Australia',3);
Insert into COUNTRIES (COUNTRY_ID,COUNTRY_NAME,REGION_ID) values ('BE','Belgium',1);
Insert into COUNTRIES (COUNTRY_ID,COUNTRY_NAME,REGION_ID) values ('BR','Brazil',2);
Insert into COUNTRIES (COUNTRY_ID,COUNTRY_NAME,REGION_ID) values ('CA','Canada',2);
Insert into COUNTRIES (COUNTRY_ID,COUNTRY_NAME,REGION_ID) values ('CH','Switzerland',1);
Insert into COUNTRIES (COUNTRY_ID,COUNTRY_NAME,REGION_ID) values ('CN','China',3);
Insert into COUNTRIES (COUNTRY_ID,COUNTRY_NAME,REGION_ID) values ('DE','Germany',1);
Insert into COUNTRIES (COUNTRY_ID,COUNTRY_NAME,REGION_ID) values ('DK','Denmark',1);
Insert into COUNTRIES (COUNTRY_ID,COUNTRY_NAME,REGION_ID) values ('EG','Egypt',4);
Insert into COUNTRIES (COUNTRY_ID,COUNTRY_NAME,REGION_ID) values ('FR','France',1);
Insert into COUNTRIES (COUNTRY_ID,COUNTRY_NAME,REGION_ID) values ('HK','HongKong',3);
Insert into COUNTRIES (COUNTRY_ID,COUNTRY_NAME,REGION_ID) values ('IL','Israel',4);
Insert into COUNTRIES (COUNTRY_ID,COUNTRY_NAME,REGION_ID) values ('IN','India',3);
Insert into COUNTRIES (COUNTRY_ID,COUNTRY_NAME,REGION_ID) values ('IT','Italy',1);
Insert into COUNTRIES (COUNTRY_ID,COUNTRY_NAME,REGION_ID) values ('JP','Japan',3);
Insert into COUNTRIES (COUNTRY_ID,COUNTRY_NAME,REGION_ID) values ('KW','Kuwait',4);
Insert into COUNTRIES (COUNTRY_ID,COUNTRY_NAME,REGION_ID) values ('MX','Mexico',2);
Insert into COUNTRIES (COUNTRY_ID,COUNTRY_NAME,REGION_ID) values ('NG','Nigeria',4);
Insert into COUNTRIES (COUNTRY_ID,COUNTRY_NAME,REGION_ID) values ('NL','Netherlands',1);
Insert into COUNTRIES (COUNTRY_ID,COUNTRY_NAME,REGION_ID) values ('SG','Singapore',3);
Insert into COUNTRIES (COUNTRY_ID,COUNTRY_NAME,REGION_ID) values ('UK','United Kingdom',1);
Insert into COUNTRIES (COUNTRY_ID,COUNTRY_NAME,REGION_ID) values ('US','United States of America',2);
Insert into COUNTRIES (COUNTRY_ID,COUNTRY_NAME,REGION_ID) values ('ZM','Zambia',4);
Insert into COUNTRIES (COUNTRY_ID,COUNTRY_NAME,REGION_ID) values ('ZW','Zimbabwe',4);

--------------------------------------------------------
--  DDL for Table LOCATIONS
--------------------------------------------------------

CREATE TABLE LOCATIONS (
  	LOCATION_ID     SERIAL UNIQUE, 
	STREET_ADDRESS  VARCHAR(40), 
	POSTAL_CODE     VARCHAR(12), 
	CITY            VARCHAR(30), 
	STATE_PROVINCE  VARCHAR(25), 
	COUNTRY_ID      CHAR(2) REFERENCES COUNTRIES(COUNTRY_ID)
);

Insert into LOCATIONS (STREET_ADDRESS,POSTAL_CODE,CITY,STATE_PROVINCE,COUNTRY_ID) values ('1297 Via Cola di Rie','00989','Roma',null,'IT');
Insert into LOCATIONS (STREET_ADDRESS,POSTAL_CODE,CITY,STATE_PROVINCE,COUNTRY_ID) values ('93091 Calle della Testa','10934','Venice',null,'IT');
Insert into LOCATIONS (STREET_ADDRESS,POSTAL_CODE,CITY,STATE_PROVINCE,COUNTRY_ID) values ('2017 Shinjuku-ku','1689','Tokyo','Tokyo Prefecture','JP');
Insert into LOCATIONS (STREET_ADDRESS,POSTAL_CODE,CITY,STATE_PROVINCE,COUNTRY_ID) values ('9450 Kamiya-cho','6823','Hiroshima',null,'JP');
Insert into LOCATIONS (STREET_ADDRESS,POSTAL_CODE,CITY,STATE_PROVINCE,COUNTRY_ID) values ('2014 Jabberwocky Rd','26192','Southlake','Texas','US');
Insert into LOCATIONS (STREET_ADDRESS,POSTAL_CODE,CITY,STATE_PROVINCE,COUNTRY_ID) values ('2011 Interiors Blvd','99236','South San Francisco','California','US');
Insert into LOCATIONS (STREET_ADDRESS,POSTAL_CODE,CITY,STATE_PROVINCE,COUNTRY_ID) values ('2007 Zagora St','50090','South Brunswick','New Jersey','US');
Insert into LOCATIONS (STREET_ADDRESS,POSTAL_CODE,CITY,STATE_PROVINCE,COUNTRY_ID) values ('2004 Charade Rd','98199','Seattle','Washington','US');
Insert into LOCATIONS (STREET_ADDRESS,POSTAL_CODE,CITY,STATE_PROVINCE,COUNTRY_ID) values ('147 Spadina Ave','M5V 2L7','Toronto','Ontario','CA');
Insert into LOCATIONS (STREET_ADDRESS,POSTAL_CODE,CITY,STATE_PROVINCE,COUNTRY_ID) values ('6092 Boxwood St','YSW 9T2','Whitehorse','Yukon','CA');
Insert into LOCATIONS (STREET_ADDRESS,POSTAL_CODE,CITY,STATE_PROVINCE,COUNTRY_ID) values ('40-5-12 Laogianggen','190518','Beijing',null,'CN');
Insert into LOCATIONS (STREET_ADDRESS,POSTAL_CODE,CITY,STATE_PROVINCE,COUNTRY_ID) values ('1298 Vileparle (E)','490231','Bombay','Maharashtra','IN');
Insert into LOCATIONS (STREET_ADDRESS,POSTAL_CODE,CITY,STATE_PROVINCE,COUNTRY_ID) values ('12-98 Victoria Street','2901','Sydney','New South Wales','AU');
Insert into LOCATIONS (STREET_ADDRESS,POSTAL_CODE,CITY,STATE_PROVINCE,COUNTRY_ID) values ('198 Clementi North','540198','Singapore',null,'SG');
Insert into LOCATIONS (STREET_ADDRESS,POSTAL_CODE,CITY,STATE_PROVINCE,COUNTRY_ID) values ('8204 Arthur St',null,'London',null,'UK');
Insert into LOCATIONS (STREET_ADDRESS,POSTAL_CODE,CITY,STATE_PROVINCE,COUNTRY_ID) values ('Magdalen Centre, The Oxford Science Park','OX9 9ZB','Oxford','Oxford','UK');
Insert into LOCATIONS (STREET_ADDRESS,POSTAL_CODE,CITY,STATE_PROVINCE,COUNTRY_ID) values ('9702 Chester Road','09629850293','Stretford','Manchester','UK');
Insert into LOCATIONS (STREET_ADDRESS,POSTAL_CODE,CITY,STATE_PROVINCE,COUNTRY_ID) values ('Schwanthalerstr. 7031','80925','Munich','Bavaria','DE');
Insert into LOCATIONS (STREET_ADDRESS,POSTAL_CODE,CITY,STATE_PROVINCE,COUNTRY_ID) values ('Rua Frei Caneca 1360 ','01307-002','Sao Paulo','Sao Paulo','BR');
Insert into LOCATIONS (STREET_ADDRESS,POSTAL_CODE,CITY,STATE_PROVINCE,COUNTRY_ID) values ('20 Rue des Corps-Saints','1730','Geneva','Geneve','CH');
Insert into LOCATIONS (STREET_ADDRESS,POSTAL_CODE,CITY,STATE_PROVINCE,COUNTRY_ID) values ('Murtenstrasse 921','3095','Bern','BE','CH');
Insert into LOCATIONS (STREET_ADDRESS,POSTAL_CODE,CITY,STATE_PROVINCE,COUNTRY_ID) values ('Pieter Breughelstraat 837','3029SK','Utrecht','Utrecht','NL');
Insert into LOCATIONS (STREET_ADDRESS,POSTAL_CODE,CITY,STATE_PROVINCE,COUNTRY_ID) values ('Mariano Escobedo 9991','11932','Mexico City','Distrito Federal,','MX');

--------------------------------------------------------
--  DDL for Table DEPARTMENTS
--------------------------------------------------------

CREATE TABLE DEPARTMENTS (
	DEPARTMENT_ID   SERIAL UNIQUE, 
	DEPARTMENT_NAME VARCHAR(30), 
	MANAGER_ID      INT REFERENCES EMPLOYEES(EMPLOYEE_ID), 
	LOCATION_ID     INT REFERENCES LOCATIONS(LOCATION_ID)
);


Insert into DEPARTMENTS (DEPARTMENT_NAME,MANAGER_ID,LOCATION_ID) values ('Marketing',21,18);
Insert into DEPARTMENTS (DEPARTMENT_NAME,MANAGER_ID,LOCATION_ID) values ('Purchasing',14,17);
Insert into DEPARTMENTS (DEPARTMENT_NAME,MANAGER_ID,LOCATION_ID) values ('Human Resources',23,12);
Insert into DEPARTMENTS (DEPARTMENT_NAME,MANAGER_ID,LOCATION_ID) values ('Shipping',21,15);
Insert into DEPARTMENTS (DEPARTMENT_NAME,MANAGER_ID,LOCATION_ID) values ('IT',13,14);
Insert into DEPARTMENTS (DEPARTMENT_NAME,MANAGER_ID,LOCATION_ID) values ('Public Relations',24,13);
Insert into DEPARTMENTS (DEPARTMENT_NAME,MANAGER_ID,LOCATION_ID) values ('Sales',45,15);
Insert into DEPARTMENTS (DEPARTMENT_NAME,MANAGER_ID,LOCATION_ID) values ('Executive',10,17);
Insert into DEPARTMENTS (DEPARTMENT_NAME,MANAGER_ID,LOCATION_ID) values ('Finance',18,17);
Insert into DEPARTMENTS (DEPARTMENT_NAME,MANAGER_ID,LOCATION_ID) values ('Accounting',25,17);
Insert into DEPARTMENTS (DEPARTMENT_NAME,MANAGER_ID,LOCATION_ID) values ('Treasury',null,17);
Insert into DEPARTMENTS (DEPARTMENT_NAME,MANAGER_ID,LOCATION_ID) values ('Corporate Tax',null,17);
Insert into DEPARTMENTS (DEPARTMENT_NAME,MANAGER_ID,LOCATION_ID) values ('Control And Credit',null,17);
Insert into DEPARTMENTS (DEPARTMENT_NAME,MANAGER_ID,LOCATION_ID) values ('Shareholder Services',null,17);
Insert into DEPARTMENTS (DEPARTMENT_NAME,MANAGER_ID,LOCATION_ID) values ('Benefits',null,17);
Insert into DEPARTMENTS (DEPARTMENT_NAME,MANAGER_ID,LOCATION_ID) values ('Manufacturing',null,17);
Insert into DEPARTMENTS (DEPARTMENT_NAME,MANAGER_ID,LOCATION_ID) values ('Construction',null,17);
Insert into DEPARTMENTS (DEPARTMENT_NAME,MANAGER_ID,LOCATION_ID) values ('Contracting',null,17);
Insert into DEPARTMENTS (DEPARTMENT_NAME,MANAGER_ID,LOCATION_ID) values ('Operations',null,17);
Insert into DEPARTMENTS (DEPARTMENT_NAME,MANAGER_ID,LOCATION_ID) values ('IT Support',null,17);
Insert into DEPARTMENTS (DEPARTMENT_NAME,MANAGER_ID,LOCATION_ID) values ('NOC',null,17);
Insert into DEPARTMENTS (DEPARTMENT_NAME,MANAGER_ID,LOCATION_ID) values ('IT Helpdesk',null,17);
Insert into DEPARTMENTS (DEPARTMENT_NAME,MANAGER_ID,LOCATION_ID) values ('Government Sales',null,17);
Insert into DEPARTMENTS (DEPARTMENT_NAME,MANAGER_ID,LOCATION_ID) values ('Retail Sales',null,17);
Insert into DEPARTMENTS (DEPARTMENT_NAME,MANAGER_ID,LOCATION_ID) values ('Recruiting',null,17);
Insert into DEPARTMENTS (DEPARTMENT_NAME,MANAGER_ID,LOCATION_ID) values ('Payroll',null,17);


ALTER TABLE EMPLOYEES ADD CONSTRAINT EMP_DEPT_FK FOREIGN KEY (DEPARTMENT_ID)
	  REFERENCES DEPARTMENTS (DEPARTMENT_ID);

--------------------------------------------------------
--  DDL for Table DEPT
--------------------------------------------------------

CREATE TABLE DEPT (	
	DEPARTMENT_ID SERIAL UNIQUE, 
	DEPARTMENT_NAME VARCHAR(30)
);

Insert into DEPT (DEPARTMENT_NAME) values ('Marketing');
Insert into DEPT (DEPARTMENT_NAME) values ('Purchasing');
Insert into DEPT (DEPARTMENT_NAME) values ('Human Resources');
Insert into DEPT (DEPARTMENT_NAME) values ('Shipping');
Insert into DEPT (DEPARTMENT_NAME) values ('IT');
Insert into DEPT (DEPARTMENT_NAME) values ('Public Relations');
Insert into DEPT (DEPARTMENT_NAME) values ('Sales');
Insert into DEPT (DEPARTMENT_NAME) values ('Executive');
Insert into DEPT (DEPARTMENT_NAME) values ('Finance');
Insert into DEPT (DEPARTMENT_NAME) values ('Accounting');
Insert into DEPT (DEPARTMENT_NAME) values ('Treasury');
Insert into DEPT (DEPARTMENT_NAME) values ('Corporate Tax');
Insert into DEPT (DEPARTMENT_NAME) values ('Control And Credit');
Insert into DEPT (DEPARTMENT_NAME) values ('Shareholder Services');
Insert into DEPT (DEPARTMENT_NAME) values ('Benefits');
Insert into DEPT (DEPARTMENT_NAME) values ('Manufacturing');
Insert into DEPT (DEPARTMENT_NAME) values ('Construction');
Insert into DEPT (DEPARTMENT_NAME) values ('Contracting');
Insert into DEPT (DEPARTMENT_NAME) values ('Operations');
Insert into DEPT (DEPARTMENT_NAME) values ('IT Support');
Insert into DEPT (DEPARTMENT_NAME) values ('NOC');
Insert into DEPT (DEPARTMENT_NAME) values ('IT Helpdesk');
Insert into DEPT (DEPARTMENT_NAME) values ('Government Sales');
Insert into DEPT (DEPARTMENT_NAME) values ('Retail Sales');
Insert into DEPT (DEPARTMENT_NAME) values ('Recruiting');
Insert into DEPT (DEPARTMENT_NAME) values ('Payroll');

--------------------------------------------------------
--  DDL for Table EMP
--------------------------------------------------------

CREATE TABLE EMP (
	EMPLOYEE_ID 	SERIAL UNIQUE, 
	FIRST_NAME 		VARCHAR(20), 
	LAST_NAME 		VARCHAR(25), 
	EMAIL 			VARCHAR(25), 
	PHONE_NUMBER 	VARCHAR(20), 
	HIRE_DATE 		DATE, 
	JOB_ID 			VARCHAR(10), 
	SALARY 			INT, 
	COMMISSION_PCT 	INT, 
	MANAGER_ID 		INT, 
	DEPARTMENT_ID   INT,
	STARS       	VARCHAR(50)
);

Insert into EMP (FIRST_NAME,LAST_NAME,EMAIL,PHONE_NUMBER,HIRE_DATE,JOB_ID,SALARY,COMMISSION_PCT,MANAGER_ID,DEPARTMENT_ID,STARS) values ('Steven','King','SKING','515.123.4567','1987-06-17','AD_PRES',24000,null,null,90,null);
Insert into EMP (FIRST_NAME,LAST_NAME,EMAIL,PHONE_NUMBER,HIRE_DATE,JOB_ID,SALARY,COMMISSION_PCT,MANAGER_ID,DEPARTMENT_ID,STARS) values ('Neena','Kochhar','NKOCHHAR','515.123.4568','1989-09-17','AD_VP',17000,null,100,90,null);
Insert into EMP (FIRST_NAME,LAST_NAME,EMAIL,PHONE_NUMBER,HIRE_DATE,JOB_ID,SALARY,COMMISSION_PCT,MANAGER_ID,DEPARTMENT_ID,STARS) values ('Lex','De Haan','LDEHAAN','515.123.4569','1993-01-13','AD_VP',17000,null,100,90,null);
Insert into EMP (FIRST_NAME,LAST_NAME,EMAIL,PHONE_NUMBER,HIRE_DATE,JOB_ID,SALARY,COMMISSION_PCT,MANAGER_ID,DEPARTMENT_ID,STARS) values ('Alexander','Hunold','AHUNOLD','590.423.4567','1990-01-03','IT_PROG',9000,null,102,60,null);
Insert into EMP (FIRST_NAME,LAST_NAME,EMAIL,PHONE_NUMBER,HIRE_DATE,JOB_ID,SALARY,COMMISSION_PCT,MANAGER_ID,DEPARTMENT_ID,STARS) values ('Bruce','Ernst','BERNST','590.423.4568','1991-05-21','IT_PROG',6000,null,103,60,null);
Insert into EMP (FIRST_NAME,LAST_NAME,EMAIL,PHONE_NUMBER,HIRE_DATE,JOB_ID,SALARY,COMMISSION_PCT,MANAGER_ID,DEPARTMENT_ID,STARS) values ('David','Austin','DAUSTIN','590.423.4569','1997-06-25','IT_PROG',4800,null,103,60,null);
Insert into EMP (FIRST_NAME,LAST_NAME,EMAIL,PHONE_NUMBER,HIRE_DATE,JOB_ID,SALARY,COMMISSION_PCT,MANAGER_ID,DEPARTMENT_ID,STARS) values ('Valli','Pataballa','VPATABAL','590.423.4560','1998-02-05','IT_PROG',4800,null,103,60,null);
Insert into EMP (FIRST_NAME,LAST_NAME,EMAIL,PHONE_NUMBER,HIRE_DATE,JOB_ID,SALARY,COMMISSION_PCT,MANAGER_ID,DEPARTMENT_ID,STARS) values ('Diana','Lorentz','DLORENTZ','590.423.5567','1999-02-07','IT_PROG',4200,null,103,60,null);
Insert into EMP (FIRST_NAME,LAST_NAME,EMAIL,PHONE_NUMBER,HIRE_DATE,JOB_ID,SALARY,COMMISSION_PCT,MANAGER_ID,DEPARTMENT_ID,STARS) values ('Nancy','Greenberg','NGREENBE','515.124.4569','1994-08-17','FI_MGR',12000,null,101,100,null);
Insert into EMP (FIRST_NAME,LAST_NAME,EMAIL,PHONE_NUMBER,HIRE_DATE,JOB_ID,SALARY,COMMISSION_PCT,MANAGER_ID,DEPARTMENT_ID,STARS) values ('Daniel','Faviet','DFAVIET','515.124.4169','1994-08-16','FI_ACCOUNT',9000,null,108,100,null);
Insert into EMP (FIRST_NAME,LAST_NAME,EMAIL,PHONE_NUMBER,HIRE_DATE,JOB_ID,SALARY,COMMISSION_PCT,MANAGER_ID,DEPARTMENT_ID,STARS) values ('John','Chen','JCHEN','515.124.4269','1997-09-28','FI_ACCOUNT',8200,null,108,100,null);
Insert into EMP (FIRST_NAME,LAST_NAME,EMAIL,PHONE_NUMBER,HIRE_DATE,JOB_ID,SALARY,COMMISSION_PCT,MANAGER_ID,DEPARTMENT_ID,STARS) values ('Ismael','Sciarra','ISCIARRA','515.124.4369','1997-09-30','FI_ACCOUNT',7700,null,108,100,null);
Insert into EMP (FIRST_NAME,LAST_NAME,EMAIL,PHONE_NUMBER,HIRE_DATE,JOB_ID,SALARY,COMMISSION_PCT,MANAGER_ID,DEPARTMENT_ID,STARS) values ('Jose Manuel','Urman','JMURMAN','515.124.4469','1998-03-07','FI_ACCOUNT',7800,null,108,100,null);
Insert into EMP (FIRST_NAME,LAST_NAME,EMAIL,PHONE_NUMBER,HIRE_DATE,JOB_ID,SALARY,COMMISSION_PCT,MANAGER_ID,DEPARTMENT_ID,STARS) values ('Luis','Popp','LPOPP','515.124.4567','1999-12-07','FI_ACCOUNT',6900,null,108,100,null);
Insert into EMP (FIRST_NAME,LAST_NAME,EMAIL,PHONE_NUMBER,HIRE_DATE,JOB_ID,SALARY,COMMISSION_PCT,MANAGER_ID,DEPARTMENT_ID,STARS) values ('Den','Raphaely','DRAPHEAL','515.127.4561','1994-12-07','PU_MAN',11000,null,100,30,null);
Insert into EMP (FIRST_NAME,LAST_NAME,EMAIL,PHONE_NUMBER,HIRE_DATE,JOB_ID,SALARY,COMMISSION_PCT,MANAGER_ID,DEPARTMENT_ID,STARS) values ('Alexander','Khoo','AKHOO','515.127.4562','1995-05-18','PU_CLERK',3100,null,114,30,null);
Insert into EMP (FIRST_NAME,LAST_NAME,EMAIL,PHONE_NUMBER,HIRE_DATE,JOB_ID,SALARY,COMMISSION_PCT,MANAGER_ID,DEPARTMENT_ID,STARS) values ('Shelli','Baida','SBAIDA','515.127.4563','1997-12-24','PU_CLERK',2900,null,114,30,null);
Insert into EMP (FIRST_NAME,LAST_NAME,EMAIL,PHONE_NUMBER,HIRE_DATE,JOB_ID,SALARY,COMMISSION_PCT,MANAGER_ID,DEPARTMENT_ID,STARS) values ('Sigal','Tobias','STOBIAS','515.127.4564','1997-07-24','PU_CLERK',2800,null,114,30,null);
Insert into EMP (FIRST_NAME,LAST_NAME,EMAIL,PHONE_NUMBER,HIRE_DATE,JOB_ID,SALARY,COMMISSION_PCT,MANAGER_ID,DEPARTMENT_ID,STARS) values ('Guy','Himuro','GHIMURO','515.127.4565','1998-11-15','PU_CLERK',2600,null,114,30,null);
Insert into EMP (FIRST_NAME,LAST_NAME,EMAIL,PHONE_NUMBER,HIRE_DATE,JOB_ID,SALARY,COMMISSION_PCT,MANAGER_ID,DEPARTMENT_ID,STARS) values ('Karen','Colmenares','KCOLMENA','515.127.4566','1999-08-10','PU_CLERK',2500,null,114,30,null);
Insert into EMP (FIRST_NAME,LAST_NAME,EMAIL,PHONE_NUMBER,HIRE_DATE,JOB_ID,SALARY,COMMISSION_PCT,MANAGER_ID,DEPARTMENT_ID,STARS) values ('Matthew','Weiss','MWEISS','650.123.1234','1996-07-18','ST_MAN',8000,null,100,50,null);
Insert into EMP (FIRST_NAME,LAST_NAME,EMAIL,PHONE_NUMBER,HIRE_DATE,JOB_ID,SALARY,COMMISSION_PCT,MANAGER_ID,DEPARTMENT_ID,STARS) values ('Adam','Fripp','AFRIPP','650.123.2234','1997-04-10','ST_MAN',8200,null,100,50,null);
Insert into EMP (FIRST_NAME,LAST_NAME,EMAIL,PHONE_NUMBER,HIRE_DATE,JOB_ID,SALARY,COMMISSION_PCT,MANAGER_ID,DEPARTMENT_ID,STARS) values ('Payam','Kaufling','PKAUFLIN','650.123.3234','1995-05-01','ST_MAN',7900,null,100,50,null);
Insert into EMP (FIRST_NAME,LAST_NAME,EMAIL,PHONE_NUMBER,HIRE_DATE,JOB_ID,SALARY,COMMISSION_PCT,MANAGER_ID,DEPARTMENT_ID,STARS) values ('Shanta','Vollman','SVOLLMAN','650.123.4234','1997-10-10','ST_MAN',6500,null,100,50,null);
Insert into EMP (FIRST_NAME,LAST_NAME,EMAIL,PHONE_NUMBER,HIRE_DATE,JOB_ID,SALARY,COMMISSION_PCT,MANAGER_ID,DEPARTMENT_ID,STARS) values ('Kevin','Mourgos','KMOURGOS','650.123.5234','1999-11-16','ST_MAN',5800,null,100,50,null);
Insert into EMP (FIRST_NAME,LAST_NAME,EMAIL,PHONE_NUMBER,HIRE_DATE,JOB_ID,SALARY,COMMISSION_PCT,MANAGER_ID,DEPARTMENT_ID,STARS) values ('Julia','Nayer','JNAYER','650.124.1214','1997-07-16','ST_CLERK',3200,null,120,50,null);
Insert into EMP (FIRST_NAME,LAST_NAME,EMAIL,PHONE_NUMBER,HIRE_DATE,JOB_ID,SALARY,COMMISSION_PCT,MANAGER_ID,DEPARTMENT_ID,STARS) values ('Irene','Mikkilineni','IMIKKILI','650.124.1224','1998-09-28','ST_CLERK',2700,null,120,50,null);
Insert into EMP (FIRST_NAME,LAST_NAME,EMAIL,PHONE_NUMBER,HIRE_DATE,JOB_ID,SALARY,COMMISSION_PCT,MANAGER_ID,DEPARTMENT_ID,STARS) values ('James','Landry','JLANDRY','650.124.1334','1999-01-14','ST_CLERK',2400,null,120,50,null);
Insert into EMP (FIRST_NAME,LAST_NAME,EMAIL,PHONE_NUMBER,HIRE_DATE,JOB_ID,SALARY,COMMISSION_PCT,MANAGER_ID,DEPARTMENT_ID,STARS) values ('Steven','Markle','SMARKLE','650.124.1434','2000-03-08','ST_CLERK',2200,null,120,50,null);
Insert into EMP (FIRST_NAME,LAST_NAME,EMAIL,PHONE_NUMBER,HIRE_DATE,JOB_ID,SALARY,COMMISSION_PCT,MANAGER_ID,DEPARTMENT_ID,STARS) values ('Laura','Bissot','LBISSOT','650.124.5234','1997-08-20','ST_CLERK',3300,null,121,50,null);
Insert into EMP (FIRST_NAME,LAST_NAME,EMAIL,PHONE_NUMBER,HIRE_DATE,JOB_ID,SALARY,COMMISSION_PCT,MANAGER_ID,DEPARTMENT_ID,STARS) values ('Mozhe','Atkinson','MATKINSO','650.124.6234','1997-10-30','ST_CLERK',2800,null,121,50,null);
Insert into EMP (FIRST_NAME,LAST_NAME,EMAIL,PHONE_NUMBER,HIRE_DATE,JOB_ID,SALARY,COMMISSION_PCT,MANAGER_ID,DEPARTMENT_ID,STARS) values ('James','Marlow','JAMRLOW','650.124.7234','1997-02-16','ST_CLERK',2500,null,121,50,null);
Insert into EMP (FIRST_NAME,LAST_NAME,EMAIL,PHONE_NUMBER,HIRE_DATE,JOB_ID,SALARY,COMMISSION_PCT,MANAGER_ID,DEPARTMENT_ID,STARS) values ('TJ','Olson','TJOLSON','650.124.8234','1999-04-10','ST_CLERK',2100,null,121,50,null);
Insert into EMP (FIRST_NAME,LAST_NAME,EMAIL,PHONE_NUMBER,HIRE_DATE,JOB_ID,SALARY,COMMISSION_PCT,MANAGER_ID,DEPARTMENT_ID,STARS) values ('Jason','Mallin','JMALLIN','650.127.1934','1996-06-14','ST_CLERK',3300,null,122,50,null);
Insert into EMP (FIRST_NAME,LAST_NAME,EMAIL,PHONE_NUMBER,HIRE_DATE,JOB_ID,SALARY,COMMISSION_PCT,MANAGER_ID,DEPARTMENT_ID,STARS) values ('Michael','Rogers','MROGERS','650.127.1834','1998-08-26','ST_CLERK',2900,null,122,50,null);
Insert into EMP (FIRST_NAME,LAST_NAME,EMAIL,PHONE_NUMBER,HIRE_DATE,JOB_ID,SALARY,COMMISSION_PCT,MANAGER_ID,DEPARTMENT_ID,STARS) values ('Ki','Gee','KGEE','650.127.1734','1999-12-12','ST_CLERK',2400,null,122,50,null);
Insert into EMP (FIRST_NAME,LAST_NAME,EMAIL,PHONE_NUMBER,HIRE_DATE,JOB_ID,SALARY,COMMISSION_PCT,MANAGER_ID,DEPARTMENT_ID,STARS) values ('Hazel','Philtanker','HPHILTAN','650.127.1634','2000-02-06','ST_CLERK',2200,null,122,50,null);
Insert into EMP (FIRST_NAME,LAST_NAME,EMAIL,PHONE_NUMBER,HIRE_DATE,JOB_ID,SALARY,COMMISSION_PCT,MANAGER_ID,DEPARTMENT_ID,STARS) values ('Renske','Ladwig','RLADWIG','650.121.1234','1995-07-14','ST_CLERK',3600,null,123,50,null);
Insert into EMP (FIRST_NAME,LAST_NAME,EMAIL,PHONE_NUMBER,HIRE_DATE,JOB_ID,SALARY,COMMISSION_PCT,MANAGER_ID,DEPARTMENT_ID,STARS) values ('Stephen','Stiles','SSTILES','650.121.2034','1997-10-26','ST_CLERK',3200,null,123,50,null);
Insert into EMP (FIRST_NAME,LAST_NAME,EMAIL,PHONE_NUMBER,HIRE_DATE,JOB_ID,SALARY,COMMISSION_PCT,MANAGER_ID,DEPARTMENT_ID,STARS) values ('John','Seo','JSEO','650.121.2019','1998-02-12','ST_CLERK',2700,null,123,50,null);
Insert into EMP (FIRST_NAME,LAST_NAME,EMAIL,PHONE_NUMBER,HIRE_DATE,JOB_ID,SALARY,COMMISSION_PCT,MANAGER_ID,DEPARTMENT_ID,STARS) values ('Joshua','Patel','JPATEL','650.121.1834','1998-04-06','ST_CLERK',2500,null,123,50,null);
Insert into EMP (FIRST_NAME,LAST_NAME,EMAIL,PHONE_NUMBER,HIRE_DATE,JOB_ID,SALARY,COMMISSION_PCT,MANAGER_ID,DEPARTMENT_ID,STARS) values ('Trenna','Rajs','TRAJS','650.121.8009','1995-10-17','ST_CLERK',3500,null,124,50,null);
Insert into EMP (FIRST_NAME,LAST_NAME,EMAIL,PHONE_NUMBER,HIRE_DATE,JOB_ID,SALARY,COMMISSION_PCT,MANAGER_ID,DEPARTMENT_ID,STARS) values ('Curtis','Davies','CDAVIES','650.121.2994','1997-01-29','ST_CLERK',3100,null,124,50,null);
Insert into EMP (FIRST_NAME,LAST_NAME,EMAIL,PHONE_NUMBER,HIRE_DATE,JOB_ID,SALARY,COMMISSION_PCT,MANAGER_ID,DEPARTMENT_ID,STARS) values ('Randall','Matos','RMATOS','650.121.2874','1998-03-15','ST_CLERK',2600,null,124,50,null);
Insert into EMP (FIRST_NAME,LAST_NAME,EMAIL,PHONE_NUMBER,HIRE_DATE,JOB_ID,SALARY,COMMISSION_PCT,MANAGER_ID,DEPARTMENT_ID,STARS) values ('Peter','Vargas','PVARGAS','650.121.2004','1998-07-09','ST_CLERK',2500,null,124,50,null);
Insert into EMP (FIRST_NAME,LAST_NAME,EMAIL,PHONE_NUMBER,HIRE_DATE,JOB_ID,SALARY,COMMISSION_PCT,MANAGER_ID,DEPARTMENT_ID,STARS) values ('John','Russell','JRUSSEL','011.44.1344.429268','1996-10-01','SA_MAN',14000,0.4,100,80,null);
Insert into EMP (FIRST_NAME,LAST_NAME,EMAIL,PHONE_NUMBER,HIRE_DATE,JOB_ID,SALARY,COMMISSION_PCT,MANAGER_ID,DEPARTMENT_ID,STARS) values ('Karen','Partners','KPARTNER','011.44.1344.467268','1997-01-05','SA_MAN',13500,0.3,100,80,null);
Insert into EMP (FIRST_NAME,LAST_NAME,EMAIL,PHONE_NUMBER,HIRE_DATE,JOB_ID,SALARY,COMMISSION_PCT,MANAGER_ID,DEPARTMENT_ID,STARS) values ('Alberto','Errazuriz','AERRAZUR','011.44.1344.429278','1997-03-10','SA_MAN',12000,0.3,100,80,null);
Insert into EMP (FIRST_NAME,LAST_NAME,EMAIL,PHONE_NUMBER,HIRE_DATE,JOB_ID,SALARY,COMMISSION_PCT,MANAGER_ID,DEPARTMENT_ID,STARS) values ('Gerald','Cambrault','GCAMBRAU','011.44.1344.619268','1999-10-15','SA_MAN',11000,0.3,100,80,null);
Insert into EMP (FIRST_NAME,LAST_NAME,EMAIL,PHONE_NUMBER,HIRE_DATE,JOB_ID,SALARY,COMMISSION_PCT,MANAGER_ID,DEPARTMENT_ID,STARS) values ('Eleni','Zlotkey','EZLOTKEY','011.44.1344.429018','2000-01-29','SA_MAN',10500,0.2,100,80,null);
Insert into EMP (FIRST_NAME,LAST_NAME,EMAIL,PHONE_NUMBER,HIRE_DATE,JOB_ID,SALARY,COMMISSION_PCT,MANAGER_ID,DEPARTMENT_ID,STARS) values ('Peter','Tucker','PTUCKER','011.44.1344.129268','1997-01-30','SA_REP',10000,0.3,145,80,null);
Insert into EMP (FIRST_NAME,LAST_NAME,EMAIL,PHONE_NUMBER,HIRE_DATE,JOB_ID,SALARY,COMMISSION_PCT,MANAGER_ID,DEPARTMENT_ID,STARS) values ('David','Bernstein','DBERNSTE','011.44.1344.345268','1997-03-24','SA_REP',9500,0.25,145,80,null);
Insert into EMP (FIRST_NAME,LAST_NAME,EMAIL,PHONE_NUMBER,HIRE_DATE,JOB_ID,SALARY,COMMISSION_PCT,MANAGER_ID,DEPARTMENT_ID,STARS) values ('Peter','Hall','PHALL','011.44.1344.478968','1997-08-20','SA_REP',9000,0.25,145,80,null);
Insert into EMP (FIRST_NAME,LAST_NAME,EMAIL,PHONE_NUMBER,HIRE_DATE,JOB_ID,SALARY,COMMISSION_PCT,MANAGER_ID,DEPARTMENT_ID,STARS) values ('Christopher','Olsen','COLSEN','011.44.1344.498718','1998-03-30','SA_REP',8000,0.2,145,80,null);
Insert into EMP (FIRST_NAME,LAST_NAME,EMAIL,PHONE_NUMBER,HIRE_DATE,JOB_ID,SALARY,COMMISSION_PCT,MANAGER_ID,DEPARTMENT_ID,STARS) values ('Nanette','Cambrault','NCAMBRAU','011.44.1344.987668','1998-12-09','SA_REP',7500,0.2,145,80,null);
Insert into EMP (FIRST_NAME,LAST_NAME,EMAIL,PHONE_NUMBER,HIRE_DATE,JOB_ID,SALARY,COMMISSION_PCT,MANAGER_ID,DEPARTMENT_ID,STARS) values ('Oliver','Tuvault','OTUVAULT','011.44.1344.486508','1999-11-23','SA_REP',7000,0.15,145,80,null);
Insert into EMP (FIRST_NAME,LAST_NAME,EMAIL,PHONE_NUMBER,HIRE_DATE,JOB_ID,SALARY,COMMISSION_PCT,MANAGER_ID,DEPARTMENT_ID,STARS) values ('Janette','King','JKING','011.44.1345.429268','1996-01-30','SA_REP',10000,0.35,146,80,null);
Insert into EMP (FIRST_NAME,LAST_NAME,EMAIL,PHONE_NUMBER,HIRE_DATE,JOB_ID,SALARY,COMMISSION_PCT,MANAGER_ID,DEPARTMENT_ID,STARS) values ('Patrick','Sully','PSULLY','011.44.1345.929268','1996-03-04','SA_REP',9500,0.35,146,80,null);
Insert into EMP (FIRST_NAME,LAST_NAME,EMAIL,PHONE_NUMBER,HIRE_DATE,JOB_ID,SALARY,COMMISSION_PCT,MANAGER_ID,DEPARTMENT_ID,STARS) values ('Allan','McEwen','AMCEWEN','011.44.1345.829268','1996-08-01','SA_REP',9000,0.35,146,80,null);
Insert into EMP (FIRST_NAME,LAST_NAME,EMAIL,PHONE_NUMBER,HIRE_DATE,JOB_ID,SALARY,COMMISSION_PCT,MANAGER_ID,DEPARTMENT_ID,STARS) values ('Lindsey','Smith','LSMITH','011.44.1345.729268','1997-03-10','SA_REP',8000,0.3,146,80,null);
Insert into EMP (FIRST_NAME,LAST_NAME,EMAIL,PHONE_NUMBER,HIRE_DATE,JOB_ID,SALARY,COMMISSION_PCT,MANAGER_ID,DEPARTMENT_ID,STARS) values ('Louise','Doran','LDORAN','011.44.1345.629268','1997-12-15','SA_REP',7500,0.3,146,80,null);
Insert into EMP (FIRST_NAME,LAST_NAME,EMAIL,PHONE_NUMBER,HIRE_DATE,JOB_ID,SALARY,COMMISSION_PCT,MANAGER_ID,DEPARTMENT_ID,STARS) values ('Sarath','Sewall','SSEWALL','011.44.1345.529268','1998-11-03','SA_REP',7000,0.25,146,80,null);
Insert into EMP (FIRST_NAME,LAST_NAME,EMAIL,PHONE_NUMBER,HIRE_DATE,JOB_ID,SALARY,COMMISSION_PCT,MANAGER_ID,DEPARTMENT_ID,STARS) values ('Clara','Vishney','CVISHNEY','011.44.1346.129268','1997-11-11','SA_REP',10500,0.25,147,80,null);
Insert into EMP (FIRST_NAME,LAST_NAME,EMAIL,PHONE_NUMBER,HIRE_DATE,JOB_ID,SALARY,COMMISSION_PCT,MANAGER_ID,DEPARTMENT_ID,STARS) values ('Danielle','Greene','DGREENE','011.44.1346.229268','1999-03-19','SA_REP',9500,0.15,147,80,null);
Insert into EMP (FIRST_NAME,LAST_NAME,EMAIL,PHONE_NUMBER,HIRE_DATE,JOB_ID,SALARY,COMMISSION_PCT,MANAGER_ID,DEPARTMENT_ID,STARS) values ('Mattea','Marvins','MMARVINS','011.44.1346.329268','2000-01-24','SA_REP',7200,0.1,147,80,null);
Insert into EMP (FIRST_NAME,LAST_NAME,EMAIL,PHONE_NUMBER,HIRE_DATE,JOB_ID,SALARY,COMMISSION_PCT,MANAGER_ID,DEPARTMENT_ID,STARS) values ('David','Lee','DLEE','011.44.1346.529268','2000-02-23','SA_REP',6800,0.1,147,80,null);
Insert into EMP (FIRST_NAME,LAST_NAME,EMAIL,PHONE_NUMBER,HIRE_DATE,JOB_ID,SALARY,COMMISSION_PCT,MANAGER_ID,DEPARTMENT_ID,STARS) values ('Sundar','Ande','SANDE','011.44.1346.629268','2000-03-24','SA_REP',6400,0.1,147,80,null);
Insert into EMP (FIRST_NAME,LAST_NAME,EMAIL,PHONE_NUMBER,HIRE_DATE,JOB_ID,SALARY,COMMISSION_PCT,MANAGER_ID,DEPARTMENT_ID,STARS) values ('Amit','Banda','ABANDA','011.44.1346.729268','2000-04-21','SA_REP',6200,0.1,147,80,null);
Insert into EMP (FIRST_NAME,LAST_NAME,EMAIL,PHONE_NUMBER,HIRE_DATE,JOB_ID,SALARY,COMMISSION_PCT,MANAGER_ID,DEPARTMENT_ID,STARS) values ('Lisa','Ozer','LOZER','011.44.1343.929268','1997-03-11','SA_REP',11500,0.25,148,80,null);
Insert into EMP (FIRST_NAME,LAST_NAME,EMAIL,PHONE_NUMBER,HIRE_DATE,JOB_ID,SALARY,COMMISSION_PCT,MANAGER_ID,DEPARTMENT_ID,STARS) values ('Harrison','Bloom','HBLOOM','011.44.1343.829268','1998-03-23','SA_REP',10000,0.2,148,80,null);
Insert into EMP (FIRST_NAME,LAST_NAME,EMAIL,PHONE_NUMBER,HIRE_DATE,JOB_ID,SALARY,COMMISSION_PCT,MANAGER_ID,DEPARTMENT_ID,STARS) values ('Tayler','Fox','TFOX','011.44.1343.729268','1998-01-24','SA_REP',9600,0.2,148,80,null);
Insert into EMP (FIRST_NAME,LAST_NAME,EMAIL,PHONE_NUMBER,HIRE_DATE,JOB_ID,SALARY,COMMISSION_PCT,MANAGER_ID,DEPARTMENT_ID,STARS) values ('William','Smith','WSMITH','011.44.1343.629268','1999-02-23','SA_REP',7400,0.15,148,80,null);
Insert into EMP (FIRST_NAME,LAST_NAME,EMAIL,PHONE_NUMBER,HIRE_DATE,JOB_ID,SALARY,COMMISSION_PCT,MANAGER_ID,DEPARTMENT_ID,STARS) values ('Elizabeth','Bates','EBATES','011.44.1343.529268','1999-03-24','SA_REP',7300,0.15,148,80,null);
Insert into EMP (FIRST_NAME,LAST_NAME,EMAIL,PHONE_NUMBER,HIRE_DATE,JOB_ID,SALARY,COMMISSION_PCT,MANAGER_ID,DEPARTMENT_ID,STARS) values ('Sundita','Kumar','SKUMAR','011.44.1343.329268','2000-04-21','SA_REP',6100,0.1,148,80,null);
Insert into EMP (FIRST_NAME,LAST_NAME,EMAIL,PHONE_NUMBER,HIRE_DATE,JOB_ID,SALARY,COMMISSION_PCT,MANAGER_ID,DEPARTMENT_ID,STARS) values ('Ellen','Abel','EABEL','011.44.1644.429267','1996-05-11','SA_REP',11000,0.3,149,80,null);
Insert into EMP (FIRST_NAME,LAST_NAME,EMAIL,PHONE_NUMBER,HIRE_DATE,JOB_ID,SALARY,COMMISSION_PCT,MANAGER_ID,DEPARTMENT_ID,STARS) values ('Alyssa','Hutton','AHUTTON','011.44.1644.429266','1997-03-19','SA_REP',8800,0.25,149,80,null);
Insert into EMP (FIRST_NAME,LAST_NAME,EMAIL,PHONE_NUMBER,HIRE_DATE,JOB_ID,SALARY,COMMISSION_PCT,MANAGER_ID,DEPARTMENT_ID,STARS) values ('Jonathon','Taylor','JTAYLOR','011.44.1644.429265','1998-03-24','SA_REP',8600,0.2,149,80,'*********');
Insert into EMP (FIRST_NAME,LAST_NAME,EMAIL,PHONE_NUMBER,HIRE_DATE,JOB_ID,SALARY,COMMISSION_PCT,MANAGER_ID,DEPARTMENT_ID,STARS) values ('Jack','Livingston','JLIVINGS','011.44.1644.429264','1998-04-23','SA_REP',8400,0.2,149,80,null);
Insert into EMP (FIRST_NAME,LAST_NAME,EMAIL,PHONE_NUMBER,HIRE_DATE,JOB_ID,SALARY,COMMISSION_PCT,MANAGER_ID,DEPARTMENT_ID,STARS) values ('Kimberely','Grant','KGRANT','011.44.1644.429263','1999-05-24','SA_REP',7000,0.15,149,null,null);
Insert into EMP (FIRST_NAME,LAST_NAME,EMAIL,PHONE_NUMBER,HIRE_DATE,JOB_ID,SALARY,COMMISSION_PCT,MANAGER_ID,DEPARTMENT_ID,STARS) values ('Charles','Johnson','CJOHNSON','011.44.1644.429262','2000-01-04','SA_REP',6200,0.1,149,80,null);
Insert into EMP (FIRST_NAME,LAST_NAME,EMAIL,PHONE_NUMBER,HIRE_DATE,JOB_ID,SALARY,COMMISSION_PCT,MANAGER_ID,DEPARTMENT_ID,STARS) values ('Winston','Taylor','WTAYLOR','650.507.9876','1998-01-24','SH_CLERK',3200,null,120,50,null);
Insert into EMP (FIRST_NAME,LAST_NAME,EMAIL,PHONE_NUMBER,HIRE_DATE,JOB_ID,SALARY,COMMISSION_PCT,MANAGER_ID,DEPARTMENT_ID,STARS) values ('Jean','Fleaur','JFLEAUR','650.507.9877','1998-02-23','SH_CLERK',3100,null,120,50,null);
Insert into EMP (FIRST_NAME,LAST_NAME,EMAIL,PHONE_NUMBER,HIRE_DATE,JOB_ID,SALARY,COMMISSION_PCT,MANAGER_ID,DEPARTMENT_ID,STARS) values ('Martha','Sullivan','MSULLIVA','650.507.9878','1999-06-21','SH_CLERK',2500,null,120,50,null);
Insert into EMP (FIRST_NAME,LAST_NAME,EMAIL,PHONE_NUMBER,HIRE_DATE,JOB_ID,SALARY,COMMISSION_PCT,MANAGER_ID,DEPARTMENT_ID,STARS) values ('Girard','Geoni','GGEONI','650.507.9879','2000-02-03','SH_CLERK',2800,null,120,50,null);
Insert into EMP (FIRST_NAME,LAST_NAME,EMAIL,PHONE_NUMBER,HIRE_DATE,JOB_ID,SALARY,COMMISSION_PCT,MANAGER_ID,DEPARTMENT_ID,STARS) values ('Nandita','Sarchand','NSARCHAN','650.509.1876','1996-01-27','SH_CLERK',4200,null,121,50,null);
Insert into EMP (FIRST_NAME,LAST_NAME,EMAIL,PHONE_NUMBER,HIRE_DATE,JOB_ID,SALARY,COMMISSION_PCT,MANAGER_ID,DEPARTMENT_ID,STARS) values ('Alexis','Bull','ABULL','650.509.2876','1997-02-20','SH_CLERK',4100,null,121,50,null);
Insert into EMP (FIRST_NAME,LAST_NAME,EMAIL,PHONE_NUMBER,HIRE_DATE,JOB_ID,SALARY,COMMISSION_PCT,MANAGER_ID,DEPARTMENT_ID,STARS) values ('Julia','Dellinger','JDELLING','650.509.3876','1998-06-24','SH_CLERK',3400,null,121,50,null);
Insert into EMP (FIRST_NAME,LAST_NAME,EMAIL,PHONE_NUMBER,HIRE_DATE,JOB_ID,SALARY,COMMISSION_PCT,MANAGER_ID,DEPARTMENT_ID,STARS) values ('Anthony','Cabrio','ACABRIO','650.509.4876','1999-02-07','SH_CLERK',3000,null,121,50,null);
Insert into EMP (FIRST_NAME,LAST_NAME,EMAIL,PHONE_NUMBER,HIRE_DATE,JOB_ID,SALARY,COMMISSION_PCT,MANAGER_ID,DEPARTMENT_ID,STARS) values ('Kelly','Chung','KCHUNG','650.505.1876','1997-06-14','SH_CLERK',3800,null,122,50,null);
Insert into EMP (FIRST_NAME,LAST_NAME,EMAIL,PHONE_NUMBER,HIRE_DATE,JOB_ID,SALARY,COMMISSION_PCT,MANAGER_ID,DEPARTMENT_ID,STARS) values ('Jennifer','Dilly','JDILLY','650.505.2876','1997-08-13','SH_CLERK',3600,null,122,50,null);
Insert into EMP (FIRST_NAME,LAST_NAME,EMAIL,PHONE_NUMBER,HIRE_DATE,JOB_ID,SALARY,COMMISSION_PCT,MANAGER_ID,DEPARTMENT_ID,STARS) values ('Timothy','Gates','TGATES','650.505.3876','1998-07-11','SH_CLERK',2900,null,122,50,null);
Insert into EMP (FIRST_NAME,LAST_NAME,EMAIL,PHONE_NUMBER,HIRE_DATE,JOB_ID,SALARY,COMMISSION_PCT,MANAGER_ID,DEPARTMENT_ID,STARS) values ('Randall','Perkins','RPERKINS','650.505.4876','1999-12-19','SH_CLERK',2500,null,122,50,null);
Insert into EMP (FIRST_NAME,LAST_NAME,EMAIL,PHONE_NUMBER,HIRE_DATE,JOB_ID,SALARY,COMMISSION_PCT,MANAGER_ID,DEPARTMENT_ID,STARS) values ('Sarah','Bell','SBELL','650.501.1876','1996-02-04','SH_CLERK',4000,null,123,50,null);
Insert into EMP (FIRST_NAME,LAST_NAME,EMAIL,PHONE_NUMBER,HIRE_DATE,JOB_ID,SALARY,COMMISSION_PCT,MANAGER_ID,DEPARTMENT_ID,STARS) values ('Britney','Everett','BEVERETT','650.501.2876','1997-03-03','SH_CLERK',3900,null,123,50,null);
Insert into EMP (FIRST_NAME,LAST_NAME,EMAIL,PHONE_NUMBER,HIRE_DATE,JOB_ID,SALARY,COMMISSION_PCT,MANAGER_ID,DEPARTMENT_ID,STARS) values ('Samuel','McCain','SMCCAIN','650.501.3876','1998-07-01','SH_CLERK',3200,null,123,50,null);
Insert into EMP (FIRST_NAME,LAST_NAME,EMAIL,PHONE_NUMBER,HIRE_DATE,JOB_ID,SALARY,COMMISSION_PCT,MANAGER_ID,DEPARTMENT_ID,STARS) values ('Vance','Jones','VJONES','650.501.4876','1999-03-17','SH_CLERK',2800,null,123,50,null);
Insert into EMP (FIRST_NAME,LAST_NAME,EMAIL,PHONE_NUMBER,HIRE_DATE,JOB_ID,SALARY,COMMISSION_PCT,MANAGER_ID,DEPARTMENT_ID,STARS) values ('Alana','Walsh','AWALSH','650.507.9811','1998-04-24','SH_CLERK',3100,null,124,50,null);
Insert into EMP (FIRST_NAME,LAST_NAME,EMAIL,PHONE_NUMBER,HIRE_DATE,JOB_ID,SALARY,COMMISSION_PCT,MANAGER_ID,DEPARTMENT_ID,STARS) values ('Kevin','Feeney','KFEENEY','650.507.9822','1998-05-23','SH_CLERK',3000,null,124,50,null);
Insert into EMP (FIRST_NAME,LAST_NAME,EMAIL,PHONE_NUMBER,HIRE_DATE,JOB_ID,SALARY,COMMISSION_PCT,MANAGER_ID,DEPARTMENT_ID,STARS) values ('Donald','OConnell','DOCONNEL','650.507.9833','1999-06-21','SH_CLERK',2600,null,124,50,null);
Insert into EMP (FIRST_NAME,LAST_NAME,EMAIL,PHONE_NUMBER,HIRE_DATE,JOB_ID,SALARY,COMMISSION_PCT,MANAGER_ID,DEPARTMENT_ID,STARS) values ('Douglas','Grant','DGRANT','650.507.9844','2000-01-13','SH_CLERK',2600,null,124,50,null);
Insert into EMP (FIRST_NAME,LAST_NAME,EMAIL,PHONE_NUMBER,HIRE_DATE,JOB_ID,SALARY,COMMISSION_PCT,MANAGER_ID,DEPARTMENT_ID,STARS) values ('Jennifer','Whalen','JWHALEN','515.123.4444','1987-09-17','AD_ASST',4400,null,101,10,null);
Insert into EMP (FIRST_NAME,LAST_NAME,EMAIL,PHONE_NUMBER,HIRE_DATE,JOB_ID,SALARY,COMMISSION_PCT,MANAGER_ID,DEPARTMENT_ID,STARS) values ('Michael','Hartstein','MHARTSTE','515.123.5555','1996-02-17','MK_MAN',13000,null,100,20,null);
Insert into EMP (FIRST_NAME,LAST_NAME,EMAIL,PHONE_NUMBER,HIRE_DATE,JOB_ID,SALARY,COMMISSION_PCT,MANAGER_ID,DEPARTMENT_ID,STARS) values ('Pat','Fay','PFAY','603.123.6666','1997-08-17','MK_REP',6000,null,201,20,null);
Insert into EMP (FIRST_NAME,LAST_NAME,EMAIL,PHONE_NUMBER,HIRE_DATE,JOB_ID,SALARY,COMMISSION_PCT,MANAGER_ID,DEPARTMENT_ID,STARS) values ('Susan','Mavris','SMAVRIS','515.123.7777','1994-06-07','HR_REP',6500,null,101,40,null);
Insert into EMP (FIRST_NAME,LAST_NAME,EMAIL,PHONE_NUMBER,HIRE_DATE,JOB_ID,SALARY,COMMISSION_PCT,MANAGER_ID,DEPARTMENT_ID,STARS) values ('Hermann','Baer','HBAER','515.123.8888','1994-06-07','PR_REP',10000,null,101,70,null);
Insert into EMP (FIRST_NAME,LAST_NAME,EMAIL,PHONE_NUMBER,HIRE_DATE,JOB_ID,SALARY,COMMISSION_PCT,MANAGER_ID,DEPARTMENT_ID,STARS) values ('Shelley','Higgins','SHIGGINS','515.123.8080','1994-06-07','AC_MGR',12000,null,101,110,null);
Insert into EMP (FIRST_NAME,LAST_NAME,EMAIL,PHONE_NUMBER,HIRE_DATE,JOB_ID,SALARY,COMMISSION_PCT,MANAGER_ID,DEPARTMENT_ID,STARS) values ('William','Gietz','WGIETZ','515.123.8181','1994-06-07','AC_ACCOUNT',8300,null,205,110,null);

--------------------------------------------------------
--  DDL for Table EMPEXERC5
--------------------------------------------------------

CREATE TABLE EMPEXERC5 (
  EMPLOYEE_ID       SERIAL UNIQUE, 
	FIRST_NAME      VARCHAR(20), 
	LAST_NAME       VARCHAR(25), 
	EMAIL           VARCHAR(25), 
	PHONE_NUMBER    VARCHAR(20), 
	HIRE_DATE       DATE, 
	JOB_ID          VARCHAR(10), 
	SALARY          INT, 
	COMMISSION_PCT  INT, 
	MANAGER_ID      INT, 
	DEPARTMENT_ID   INT, 
	STARS           VARCHAR(50)
);

Insert into EMPEXERC5 (FIRST_NAME,LAST_NAME,EMAIL,PHONE_NUMBER,HIRE_DATE,JOB_ID,SALARY,COMMISSION_PCT,MANAGER_ID,DEPARTMENT_ID,STARS) values ('Steven','King','SKING','515.123.4567','1987-06-17','AD_PRES',24000,null,null,90,null);
Insert into EMPEXERC5 (FIRST_NAME,LAST_NAME,EMAIL,PHONE_NUMBER,HIRE_DATE,JOB_ID,SALARY,COMMISSION_PCT,MANAGER_ID,DEPARTMENT_ID,STARS) values ('Neena','Kochhar','NKOCHHAR','515.123.4568','1989-09-21','AD_VP',17000,null,100,90,null);
Insert into EMPEXERC5 (FIRST_NAME,LAST_NAME,EMAIL,PHONE_NUMBER,HIRE_DATE,JOB_ID,SALARY,COMMISSION_PCT,MANAGER_ID,DEPARTMENT_ID,STARS) values ('Lex','De Haan','LDEHAAN','515.123.4569','1993-01-13','AD_VP',17000,null,100,90,null);
Insert into EMPEXERC5 (FIRST_NAME,LAST_NAME,EMAIL,PHONE_NUMBER,HIRE_DATE,JOB_ID,SALARY,COMMISSION_PCT,MANAGER_ID,DEPARTMENT_ID,STARS) values ('Alexander','Hunold','AHUNOLD','590.423.4567','1990-01-03','IT_PROG',9000,null,102,60,null);
Insert into EMPEXERC5 (FIRST_NAME,LAST_NAME,EMAIL,PHONE_NUMBER,HIRE_DATE,JOB_ID,SALARY,COMMISSION_PCT,MANAGER_ID,DEPARTMENT_ID,STARS) values ('Bruce','Ernst','BERNST','590.423.4568','1991-05-21','IT_PROG',6000,null,103,60,null);
Insert into EMPEXERC5 (FIRST_NAME,LAST_NAME,EMAIL,PHONE_NUMBER,HIRE_DATE,JOB_ID,SALARY,COMMISSION_PCT,MANAGER_ID,DEPARTMENT_ID,STARS) values ('David','Austin','DAUSTIN','590.423.4569','1997-06-25','IT_PROG',4800,null,103,60,null);
Insert into EMPEXERC5 (FIRST_NAME,LAST_NAME,EMAIL,PHONE_NUMBER,HIRE_DATE,JOB_ID,SALARY,COMMISSION_PCT,MANAGER_ID,DEPARTMENT_ID,STARS) values ('Valli','Pataballa','VPATABAL','590.423.4560','1998-02-05','IT_PROG',4800,null,103,60,null);
Insert into EMPEXERC5 (FIRST_NAME,LAST_NAME,EMAIL,PHONE_NUMBER,HIRE_DATE,JOB_ID,SALARY,COMMISSION_PCT,MANAGER_ID,DEPARTMENT_ID,STARS) values ('Diana','Lorentz','DLORENTZ','590.423.5567','1999-02-07','IT_PROG',4200,null,103,60,null);
Insert into EMPEXERC5 (FIRST_NAME,LAST_NAME,EMAIL,PHONE_NUMBER,HIRE_DATE,JOB_ID,SALARY,COMMISSION_PCT,MANAGER_ID,DEPARTMENT_ID,STARS) values ('Nancy','Greenberg','NGREENBE','515.124.4569','1994-08-17','FI_MGR',12000,null,101,100,null);
Insert into EMPEXERC5 (FIRST_NAME,LAST_NAME,EMAIL,PHONE_NUMBER,HIRE_DATE,JOB_ID,SALARY,COMMISSION_PCT,MANAGER_ID,DEPARTMENT_ID,STARS) values ('Daniel','Faviet','DFAVIET','515.124.4169','1994-08-16','FI_ACCOUNT',9000,null,108,100,null);
Insert into EMPEXERC5 (FIRST_NAME,LAST_NAME,EMAIL,PHONE_NUMBER,HIRE_DATE,JOB_ID,SALARY,COMMISSION_PCT,MANAGER_ID,DEPARTMENT_ID,STARS) values ('John','Chen','JCHEN','515.124.4269','1997-09-28','FI_ACCOUNT',8200,null,108,100,null);
Insert into EMPEXERC5 (FIRST_NAME,LAST_NAME,EMAIL,PHONE_NUMBER,HIRE_DATE,JOB_ID,SALARY,COMMISSION_PCT,MANAGER_ID,DEPARTMENT_ID,STARS) values ('Ismael','Sciarra','ISCIARRA','515.124.4369','1997-09-30','FI_ACCOUNT',7700,null,108,100,null);
Insert into EMPEXERC5 (FIRST_NAME,LAST_NAME,EMAIL,PHONE_NUMBER,HIRE_DATE,JOB_ID,SALARY,COMMISSION_PCT,MANAGER_ID,DEPARTMENT_ID,STARS) values ('Jose Manuel','Urman','JMURMAN','515.124.4469','1998-03-07','FI_ACCOUNT',7800,null,108,100,null);
Insert into EMPEXERC5 (FIRST_NAME,LAST_NAME,EMAIL,PHONE_NUMBER,HIRE_DATE,JOB_ID,SALARY,COMMISSION_PCT,MANAGER_ID,DEPARTMENT_ID,STARS) values ('Luis','Popp','LPOPP','515.124.4567','1999-12-07','FI_ACCOUNT',6900,null,108,100,null);
Insert into EMPEXERC5 (FIRST_NAME,LAST_NAME,EMAIL,PHONE_NUMBER,HIRE_DATE,JOB_ID,SALARY,COMMISSION_PCT,MANAGER_ID,DEPARTMENT_ID,STARS) values ('Den','Raphaely','DRAPHEAL','515.127.4561','1994-12-07','PU_MAN',11000,null,100,30,null);
Insert into EMPEXERC5 (FIRST_NAME,LAST_NAME,EMAIL,PHONE_NUMBER,HIRE_DATE,JOB_ID,SALARY,COMMISSION_PCT,MANAGER_ID,DEPARTMENT_ID,STARS) values ('Alexander','Khoo','AKHOO','515.127.4562','1995-05-18','PU_CLERK',3100,null,114,30,null);
Insert into EMPEXERC5 (FIRST_NAME,LAST_NAME,EMAIL,PHONE_NUMBER,HIRE_DATE,JOB_ID,SALARY,COMMISSION_PCT,MANAGER_ID,DEPARTMENT_ID,STARS) values ('Shelli','Baida','SBAIDA','515.127.4563','1997-12-24','PU_CLERK',2900,null,114,30,null);
Insert into EMPEXERC5 (FIRST_NAME,LAST_NAME,EMAIL,PHONE_NUMBER,HIRE_DATE,JOB_ID,SALARY,COMMISSION_PCT,MANAGER_ID,DEPARTMENT_ID,STARS) values ('Sigal','Tobias','STOBIAS','515.127.4564','1997-07-24','PU_CLERK',2800,null,114,30,null);
Insert into EMPEXERC5 (FIRST_NAME,LAST_NAME,EMAIL,PHONE_NUMBER,HIRE_DATE,JOB_ID,SALARY,COMMISSION_PCT,MANAGER_ID,DEPARTMENT_ID,STARS) values ('Guy','Himuro','GHIMURO','515.127.4565','1998-11-15','PU_CLERK',2600,null,114,30,null);
Insert into EMPEXERC5 (FIRST_NAME,LAST_NAME,EMAIL,PHONE_NUMBER,HIRE_DATE,JOB_ID,SALARY,COMMISSION_PCT,MANAGER_ID,DEPARTMENT_ID,STARS) values ('Karen','Colmenares','KCOLMENA','515.127.4566','1999-08-10','PU_CLERK',2500,null,114,30,null);
Insert into EMPEXERC5 (FIRST_NAME,LAST_NAME,EMAIL,PHONE_NUMBER,HIRE_DATE,JOB_ID,SALARY,COMMISSION_PCT,MANAGER_ID,DEPARTMENT_ID,STARS) values ('Matthew','Weiss','MWEISS','650.123.1234','1996-07-18','ST_MAN',8000,null,100,50,null);
Insert into EMPEXERC5 (FIRST_NAME,LAST_NAME,EMAIL,PHONE_NUMBER,HIRE_DATE,JOB_ID,SALARY,COMMISSION_PCT,MANAGER_ID,DEPARTMENT_ID,STARS) values ('Adam','Fripp','AFRIPP','650.123.2234','1997-04-10','ST_MAN',8200,null,100,50,null);
Insert into EMPEXERC5 (FIRST_NAME,LAST_NAME,EMAIL,PHONE_NUMBER,HIRE_DATE,JOB_ID,SALARY,COMMISSION_PCT,MANAGER_ID,DEPARTMENT_ID,STARS) values ('Payam','Kaufling','PKAUFLIN','650.123.3234','1995-05-01','ST_MAN',7900,null,100,50,null);
Insert into EMPEXERC5 (FIRST_NAME,LAST_NAME,EMAIL,PHONE_NUMBER,HIRE_DATE,JOB_ID,SALARY,COMMISSION_PCT,MANAGER_ID,DEPARTMENT_ID,STARS) values ('Shanta','Vollman','SVOLLMAN','650.123.4234','1997-10-10','ST_MAN',6500,null,100,50,null);
Insert into EMPEXERC5 (FIRST_NAME,LAST_NAME,EMAIL,PHONE_NUMBER,HIRE_DATE,JOB_ID,SALARY,COMMISSION_PCT,MANAGER_ID,DEPARTMENT_ID,STARS) values ('Kevin','Mourgos','KMOURGOS','650.123.5234','1999-11-16','ST_MAN',5800,null,100,50,null);
Insert into EMPEXERC5 (FIRST_NAME,LAST_NAME,EMAIL,PHONE_NUMBER,HIRE_DATE,JOB_ID,SALARY,COMMISSION_PCT,MANAGER_ID,DEPARTMENT_ID,STARS) values ('Julia','Nayer','JNAYER','650.124.1214','1997-07-16','ST_CLERK',3200,null,120,50,null);
Insert into EMPEXERC5 (FIRST_NAME,LAST_NAME,EMAIL,PHONE_NUMBER,HIRE_DATE,JOB_ID,SALARY,COMMISSION_PCT,MANAGER_ID,DEPARTMENT_ID,STARS) values ('Irene','Mikkilineni','IMIKKILI','650.124.1224','1998-09-28','ST_CLERK',2700,null,120,50,null);
Insert into EMPEXERC5 (FIRST_NAME,LAST_NAME,EMAIL,PHONE_NUMBER,HIRE_DATE,JOB_ID,SALARY,COMMISSION_PCT,MANAGER_ID,DEPARTMENT_ID,STARS) values ('James','Landry','JLANDRY','650.124.1334','1999-01-14','ST_CLERK',2400,null,120,50,null);
Insert into EMPEXERC5 (FIRST_NAME,LAST_NAME,EMAIL,PHONE_NUMBER,HIRE_DATE,JOB_ID,SALARY,COMMISSION_PCT,MANAGER_ID,DEPARTMENT_ID,STARS) values ('Steven','Markle','SMARKLE','650.124.1434','2000-03-08','ST_CLERK',2200,null,120,50,null);
Insert into EMPEXERC5 (FIRST_NAME,LAST_NAME,EMAIL,PHONE_NUMBER,HIRE_DATE,JOB_ID,SALARY,COMMISSION_PCT,MANAGER_ID,DEPARTMENT_ID,STARS) values ('Laura','Bissot','LBISSOT','650.124.5234','1997-08-20','ST_CLERK',3300,null,121,50,null);
Insert into EMPEXERC5 (FIRST_NAME,LAST_NAME,EMAIL,PHONE_NUMBER,HIRE_DATE,JOB_ID,SALARY,COMMISSION_PCT,MANAGER_ID,DEPARTMENT_ID,STARS) values ('Mozhe','Atkinson','MATKINSO','650.124.6234','1997-10-30','ST_CLERK',2800,null,121,50,null);
Insert into EMPEXERC5 (FIRST_NAME,LAST_NAME,EMAIL,PHONE_NUMBER,HIRE_DATE,JOB_ID,SALARY,COMMISSION_PCT,MANAGER_ID,DEPARTMENT_ID,STARS) values ('James','Marlow','JAMRLOW','650.124.7234','1997-02-16','ST_CLERK',2500,null,121,50,null);
Insert into EMPEXERC5 (FIRST_NAME,LAST_NAME,EMAIL,PHONE_NUMBER,HIRE_DATE,JOB_ID,SALARY,COMMISSION_PCT,MANAGER_ID,DEPARTMENT_ID,STARS) values ('TJ','Olson','TJOLSON','650.124.8234','1999-04-10','ST_CLERK',2100,null,121,50,null);
Insert into EMPEXERC5 (FIRST_NAME,LAST_NAME,EMAIL,PHONE_NUMBER,HIRE_DATE,JOB_ID,SALARY,COMMISSION_PCT,MANAGER_ID,DEPARTMENT_ID,STARS) values ('Jason','Mallin','JMALLIN','650.127.1934','1996-06-14','ST_CLERK',3300,null,122,50,null);
Insert into EMPEXERC5 (FIRST_NAME,LAST_NAME,EMAIL,PHONE_NUMBER,HIRE_DATE,JOB_ID,SALARY,COMMISSION_PCT,MANAGER_ID,DEPARTMENT_ID,STARS) values ('Michael','Rogers','MROGERS','650.127.1834','1998-08-26','ST_CLERK',2900,null,122,50,null);
Insert into EMPEXERC5 (FIRST_NAME,LAST_NAME,EMAIL,PHONE_NUMBER,HIRE_DATE,JOB_ID,SALARY,COMMISSION_PCT,MANAGER_ID,DEPARTMENT_ID,STARS) values ('Ki','Gee','KGEE','650.127.1734','1999-12-12','ST_CLERK',2400,null,122,50,null);
Insert into EMPEXERC5 (FIRST_NAME,LAST_NAME,EMAIL,PHONE_NUMBER,HIRE_DATE,JOB_ID,SALARY,COMMISSION_PCT,MANAGER_ID,DEPARTMENT_ID,STARS) values ('Hazel','Philtanker','HPHILTAN','650.127.1634','2000-06-20','ST_CLERK',2200,null,122,50,null);
Insert into EMPEXERC5 (FIRST_NAME,LAST_NAME,EMAIL,PHONE_NUMBER,HIRE_DATE,JOB_ID,SALARY,COMMISSION_PCT,MANAGER_ID,DEPARTMENT_ID,STARS) values ('Renske','Ladwig','RLADWIG','650.121.1234','1995-07-14','ST_CLERK',3600,null,123,50,null);
Insert into EMPEXERC5 (FIRST_NAME,LAST_NAME,EMAIL,PHONE_NUMBER,HIRE_DATE,JOB_ID,SALARY,COMMISSION_PCT,MANAGER_ID,DEPARTMENT_ID,STARS) values ('Stephen','Stiles','SSTILES','650.121.2034','1997-10-26','ST_CLERK',3200,null,123,50,null);
Insert into EMPEXERC5 (FIRST_NAME,LAST_NAME,EMAIL,PHONE_NUMBER,HIRE_DATE,JOB_ID,SALARY,COMMISSION_PCT,MANAGER_ID,DEPARTMENT_ID,STARS) values ('John','Seo','JSEO','650.121.2019','1998-02-12','ST_CLERK',2700,null,123,50,null);
Insert into EMPEXERC5 (FIRST_NAME,LAST_NAME,EMAIL,PHONE_NUMBER,HIRE_DATE,JOB_ID,SALARY,COMMISSION_PCT,MANAGER_ID,DEPARTMENT_ID,STARS) values ('Joshua','Patel','JPATEL','650.121.1834','1998-04-06','ST_CLERK',2500,null,123,50,null);
Insert into EMPEXERC5 (FIRST_NAME,LAST_NAME,EMAIL,PHONE_NUMBER,HIRE_DATE,JOB_ID,SALARY,COMMISSION_PCT,MANAGER_ID,DEPARTMENT_ID,STARS) values ('Trenna','Rajs','TRAJS','650.121.8009','1995-10-17','ST_CLERK',3500,null,124,50,null);
Insert into EMPEXERC5 (FIRST_NAME,LAST_NAME,EMAIL,PHONE_NUMBER,HIRE_DATE,JOB_ID,SALARY,COMMISSION_PCT,MANAGER_ID,DEPARTMENT_ID,STARS) values ('Curtis','Davies','CDAVIES','650.121.2994','1997-01-29','ST_CLERK',3100,null,124,50,null);
Insert into EMPEXERC5 (FIRST_NAME,LAST_NAME,EMAIL,PHONE_NUMBER,HIRE_DATE,JOB_ID,SALARY,COMMISSION_PCT,MANAGER_ID,DEPARTMENT_ID,STARS) values ('Randall','Matos','RMATOS','650.121.2874','1998-03-15','ST_CLERK',2600,null,124,50,null);
Insert into EMPEXERC5 (FIRST_NAME,LAST_NAME,EMAIL,PHONE_NUMBER,HIRE_DATE,JOB_ID,SALARY,COMMISSION_PCT,MANAGER_ID,DEPARTMENT_ID,STARS) values ('Peter','Vargas','PVARGAS','650.121.2004','1998-07-09','ST_CLERK',2500,null,124,50,null);
Insert into EMPEXERC5 (FIRST_NAME,LAST_NAME,EMAIL,PHONE_NUMBER,HIRE_DATE,JOB_ID,SALARY,COMMISSION_PCT,MANAGER_ID,DEPARTMENT_ID,STARS) values ('John','Russell','JRUSSEL','011.44.1344.429268','1996-10-01','SA_MAN',14000,0.4,100,80,null);
Insert into EMPEXERC5 (FIRST_NAME,LAST_NAME,EMAIL,PHONE_NUMBER,HIRE_DATE,JOB_ID,SALARY,COMMISSION_PCT,MANAGER_ID,DEPARTMENT_ID,STARS) values ('Karen','Partners','KPARTNER','011.44.1344.467268','1997-01-05','SA_MAN',13500,0.3,100,80,null);
Insert into EMPEXERC5 (FIRST_NAME,LAST_NAME,EMAIL,PHONE_NUMBER,HIRE_DATE,JOB_ID,SALARY,COMMISSION_PCT,MANAGER_ID,DEPARTMENT_ID,STARS) values ('Alberto','Errazuriz','AERRAZUR','011.44.1344.429278','1997-03-10','SA_MAN',12000,0.3,100,80,null);
Insert into EMPEXERC5 (FIRST_NAME,LAST_NAME,EMAIL,PHONE_NUMBER,HIRE_DATE,JOB_ID,SALARY,COMMISSION_PCT,MANAGER_ID,DEPARTMENT_ID,STARS) values ('Gerald','Cambrault','GCAMBRAU','011.44.1344.619268','1999-10-15','SA_MAN',11000,0.3,100,80,null);
Insert into EMPEXERC5 (FIRST_NAME,LAST_NAME,EMAIL,PHONE_NUMBER,HIRE_DATE,JOB_ID,SALARY,COMMISSION_PCT,MANAGER_ID,DEPARTMENT_ID,STARS) values ('Eleni','Zlotkey','EZLOTKEY','011.44.1344.429018','2000-01-29','SA_MAN',10500,0.2,100,80,null);
Insert into EMPEXERC5 (FIRST_NAME,LAST_NAME,EMAIL,PHONE_NUMBER,HIRE_DATE,JOB_ID,SALARY,COMMISSION_PCT,MANAGER_ID,DEPARTMENT_ID,STARS) values ('Peter','Tucker','PTUCKER','011.44.1344.129268','1997-01-30','SA_REP',10000,0.3,145,80,null);
Insert into EMPEXERC5 (FIRST_NAME,LAST_NAME,EMAIL,PHONE_NUMBER,HIRE_DATE,JOB_ID,SALARY,COMMISSION_PCT,MANAGER_ID,DEPARTMENT_ID,STARS) values ('David','Bernstein','DBERNSTE','011.44.1344.345268','1997-03-24','SA_REP',9500,0.25,145,80,null);
Insert into EMPEXERC5 (FIRST_NAME,LAST_NAME,EMAIL,PHONE_NUMBER,HIRE_DATE,JOB_ID,SALARY,COMMISSION_PCT,MANAGER_ID,DEPARTMENT_ID,STARS) values ('Peter','Hall','PHALL','011.44.1344.478968','1997-08-20','SA_REP',9000,0.25,145,80,null);
Insert into EMPEXERC5 (FIRST_NAME,LAST_NAME,EMAIL,PHONE_NUMBER,HIRE_DATE,JOB_ID,SALARY,COMMISSION_PCT,MANAGER_ID,DEPARTMENT_ID,STARS) values ('Christopher','Olsen','COLSEN','011.44.1344.498718','1998-03-30','SA_REP',8000,0.2,145,80,null);
Insert into EMPEXERC5 (FIRST_NAME,LAST_NAME,EMAIL,PHONE_NUMBER,HIRE_DATE,JOB_ID,SALARY,COMMISSION_PCT,MANAGER_ID,DEPARTMENT_ID,STARS) values ('Nanette','Cambrault','NCAMBRAU','011.44.1344.987668','1998-12-09','SA_REP',7500,0.2,145,80,null);
Insert into EMPEXERC5 (FIRST_NAME,LAST_NAME,EMAIL,PHONE_NUMBER,HIRE_DATE,JOB_ID,SALARY,COMMISSION_PCT,MANAGER_ID,DEPARTMENT_ID,STARS) values ('Oliver','Tuvault','OTUVAULT','011.44.1344.486508','1999-11-23','SA_REP',7000,0.15,145,80,null);
Insert into EMPEXERC5 (FIRST_NAME,LAST_NAME,EMAIL,PHONE_NUMBER,HIRE_DATE,JOB_ID,SALARY,COMMISSION_PCT,MANAGER_ID,DEPARTMENT_ID,STARS) values ('Janette','King','JKING','011.44.1345.429268','1996-01-30','SA_REP',10000,0.35,146,80,null);
Insert into EMPEXERC5 (FIRST_NAME,LAST_NAME,EMAIL,PHONE_NUMBER,HIRE_DATE,JOB_ID,SALARY,COMMISSION_PCT,MANAGER_ID,DEPARTMENT_ID,STARS) values ('Patrick','Sully','PSULLY','011.44.1345.929268','1996-03-04','SA_REP',9500,0.35,146,80,null);
Insert into EMPEXERC5 (FIRST_NAME,LAST_NAME,EMAIL,PHONE_NUMBER,HIRE_DATE,JOB_ID,SALARY,COMMISSION_PCT,MANAGER_ID,DEPARTMENT_ID,STARS) values ('Allan','McEwen','AMCEWEN','011.44.1345.829268','1996-08-01','SA_REP',9000,0.35,146,80,null);
Insert into EMPEXERC5 (FIRST_NAME,LAST_NAME,EMAIL,PHONE_NUMBER,HIRE_DATE,JOB_ID,SALARY,COMMISSION_PCT,MANAGER_ID,DEPARTMENT_ID,STARS) values ('Lindsey','Smith','LSMITH','011.44.1345.729268','1997-03-10','SA_REP',8000,0.3,146,80,null);
Insert into EMPEXERC5 (FIRST_NAME,LAST_NAME,EMAIL,PHONE_NUMBER,HIRE_DATE,JOB_ID,SALARY,COMMISSION_PCT,MANAGER_ID,DEPARTMENT_ID,STARS) values ('Louise','Doran','LDORAN','011.44.1345.629268','1997-12-15','SA_REP',7500,0.3,146,80,null);
Insert into EMPEXERC5 (FIRST_NAME,LAST_NAME,EMAIL,PHONE_NUMBER,HIRE_DATE,JOB_ID,SALARY,COMMISSION_PCT,MANAGER_ID,DEPARTMENT_ID,STARS) values ('Sarath','Sewall','SSEWALL','011.44.1345.529268','1998-11-03','SA_REP',7000,0.25,146,80,null);
Insert into EMPEXERC5 (FIRST_NAME,LAST_NAME,EMAIL,PHONE_NUMBER,HIRE_DATE,JOB_ID,SALARY,COMMISSION_PCT,MANAGER_ID,DEPARTMENT_ID,STARS) values ('Clara','Vishney','CVISHNEY','011.44.1346.129268','1997-11-11','SA_REP',10500,0.25,147,80,null);
Insert into EMPEXERC5 (FIRST_NAME,LAST_NAME,EMAIL,PHONE_NUMBER,HIRE_DATE,JOB_ID,SALARY,COMMISSION_PCT,MANAGER_ID,DEPARTMENT_ID,STARS) values ('Danielle','Greene','DGREENE','011.44.1346.229268','1999-03-19','SA_REP',9500,0.15,147,80,null);
Insert into EMPEXERC5 (FIRST_NAME,LAST_NAME,EMAIL,PHONE_NUMBER,HIRE_DATE,JOB_ID,SALARY,COMMISSION_PCT,MANAGER_ID,DEPARTMENT_ID,STARS) values ('Mattea','Marvins','MMARVINS','011.44.1346.329268','2000-01-24','SA_REP',7200,0.1,147,80,null);
Insert into EMPEXERC5 (FIRST_NAME,LAST_NAME,EMAIL,PHONE_NUMBER,HIRE_DATE,JOB_ID,SALARY,COMMISSION_PCT,MANAGER_ID,DEPARTMENT_ID,STARS) values ('David','Lee','DLEE','011.44.1346.529268','2000-02-23','SA_REP',6800,0.1,147,80,null);
Insert into EMPEXERC5 (FIRST_NAME,LAST_NAME,EMAIL,PHONE_NUMBER,HIRE_DATE,JOB_ID,SALARY,COMMISSION_PCT,MANAGER_ID,DEPARTMENT_ID,STARS) values ('Sundar','Ande','SANDE','011.44.1346.629268','2000-03-24','SA_REP',6400,0.1,147,80,null);
Insert into EMPEXERC5 (FIRST_NAME,LAST_NAME,EMAIL,PHONE_NUMBER,HIRE_DATE,JOB_ID,SALARY,COMMISSION_PCT,MANAGER_ID,DEPARTMENT_ID,STARS) values ('Amit','Banda','ABANDA','011.44.1346.729268','2000-04-21','SA_REP',6200,0.1,147,80,null);
Insert into EMPEXERC5 (FIRST_NAME,LAST_NAME,EMAIL,PHONE_NUMBER,HIRE_DATE,JOB_ID,SALARY,COMMISSION_PCT,MANAGER_ID,DEPARTMENT_ID,STARS) values ('Lisa','Ozer','LOZER','011.44.1343.929268','1997-03-11','SA_REP',11500,0.25,148,80,null);
Insert into EMPEXERC5 (FIRST_NAME,LAST_NAME,EMAIL,PHONE_NUMBER,HIRE_DATE,JOB_ID,SALARY,COMMISSION_PCT,MANAGER_ID,DEPARTMENT_ID,STARS) values ('Harrison','Bloom','HBLOOM','011.44.1343.829268','1998-03-23','SA_REP',10000,0.2,148,80,null);
Insert into EMPEXERC5 (FIRST_NAME,LAST_NAME,EMAIL,PHONE_NUMBER,HIRE_DATE,JOB_ID,SALARY,COMMISSION_PCT,MANAGER_ID,DEPARTMENT_ID,STARS) values ('Tayler','Fox','TFOX','011.44.1343.729268','1998-01-24','SA_REP',9600,0.2,148,80,null);
Insert into EMPEXERC5 (FIRST_NAME,LAST_NAME,EMAIL,PHONE_NUMBER,HIRE_DATE,JOB_ID,SALARY,COMMISSION_PCT,MANAGER_ID,DEPARTMENT_ID,STARS) values ('William','Smith','WSMITH','011.44.1343.629268','1999-02-23','SA_REP',7400,0.15,148,80,null);
Insert into EMPEXERC5 (FIRST_NAME,LAST_NAME,EMAIL,PHONE_NUMBER,HIRE_DATE,JOB_ID,SALARY,COMMISSION_PCT,MANAGER_ID,DEPARTMENT_ID,STARS) values ('Elizabeth','Bates','EBATES','011.44.1343.529268','1999-03-24','SA_REP',7300,0.15,148,80,null);
Insert into EMPEXERC5 (FIRST_NAME,LAST_NAME,EMAIL,PHONE_NUMBER,HIRE_DATE,JOB_ID,SALARY,COMMISSION_PCT,MANAGER_ID,DEPARTMENT_ID,STARS) values ('Sundita','Kumar','SKUMAR','011.44.1343.329268','2000-04-21','SA_REP',6100,0.1,148,80,null);
Insert into EMPEXERC5 (FIRST_NAME,LAST_NAME,EMAIL,PHONE_NUMBER,HIRE_DATE,JOB_ID,SALARY,COMMISSION_PCT,MANAGER_ID,DEPARTMENT_ID,STARS) values ('Ellen','Abel','EABEL','011.44.1644.429267','1996-05-11','SA_REP',11000,0.3,149,80,null);
Insert into EMPEXERC5 (FIRST_NAME,LAST_NAME,EMAIL,PHONE_NUMBER,HIRE_DATE,JOB_ID,SALARY,COMMISSION_PCT,MANAGER_ID,DEPARTMENT_ID,STARS) values ('Alyssa','Hutton','AHUTTON','011.44.1644.429266','1997-03-19','SA_REP',8800,0.25,149,80,null);
Insert into EMPEXERC5 (FIRST_NAME,LAST_NAME,EMAIL,PHONE_NUMBER,HIRE_DATE,JOB_ID,SALARY,COMMISSION_PCT,MANAGER_ID,DEPARTMENT_ID,STARS) values ('Jonathon','Taylor','JTAYLOR','011.44.1644.429265','1998-03-24','SA_REP',8600,0.2,149,80,'*********');
Insert into EMPEXERC5 (FIRST_NAME,LAST_NAME,EMAIL,PHONE_NUMBER,HIRE_DATE,JOB_ID,SALARY,COMMISSION_PCT,MANAGER_ID,DEPARTMENT_ID,STARS) values ('Jack','Livingston','JLIVINGS','011.44.1644.429264','1998-04-23','SA_REP',8400,0.2,149,80,null);
Insert into EMPEXERC5 (FIRST_NAME,LAST_NAME,EMAIL,PHONE_NUMBER,HIRE_DATE,JOB_ID,SALARY,COMMISSION_PCT,MANAGER_ID,DEPARTMENT_ID,STARS) values ('Kimberely','Grant','KGRANT','011.44.1644.429263','1999-05-24','SA_REP',7000,0.15,149,null,null);
Insert into EMPEXERC5 (FIRST_NAME,LAST_NAME,EMAIL,PHONE_NUMBER,HIRE_DATE,JOB_ID,SALARY,COMMISSION_PCT,MANAGER_ID,DEPARTMENT_ID,STARS) values ('Charles','Johnson','CJOHNSON','011.44.1644.429262','2000-01-04','SA_REP',6200,0.1,149,80,null);
Insert into EMPEXERC5 (FIRST_NAME,LAST_NAME,EMAIL,PHONE_NUMBER,HIRE_DATE,JOB_ID,SALARY,COMMISSION_PCT,MANAGER_ID,DEPARTMENT_ID,STARS) values ('Winston','Taylor','WTAYLOR','650.507.9876','1998-01-24','SH_CLERK',3200,null,120,50,null);
Insert into EMPEXERC5 (FIRST_NAME,LAST_NAME,EMAIL,PHONE_NUMBER,HIRE_DATE,JOB_ID,SALARY,COMMISSION_PCT,MANAGER_ID,DEPARTMENT_ID,STARS) values ('Jean','Fleaur','JFLEAUR','650.507.9877','1998-02-23','SH_CLERK',3100,null,120,50,null);
Insert into EMPEXERC5 (FIRST_NAME,LAST_NAME,EMAIL,PHONE_NUMBER,HIRE_DATE,JOB_ID,SALARY,COMMISSION_PCT,MANAGER_ID,DEPARTMENT_ID,STARS) values ('Martha','Sullivan','MSULLIVA','650.507.9878','1999-06-21','SH_CLERK',2500,null,120,50,null);
Insert into EMPEXERC5 (FIRST_NAME,LAST_NAME,EMAIL,PHONE_NUMBER,HIRE_DATE,JOB_ID,SALARY,COMMISSION_PCT,MANAGER_ID,DEPARTMENT_ID,STARS) values ('Girard','Geoni','GGEONI','650.507.9879','2000-02-03','SH_CLERK',2800,null,120,50,null);
Insert into EMPEXERC5 (FIRST_NAME,LAST_NAME,EMAIL,PHONE_NUMBER,HIRE_DATE,JOB_ID,SALARY,COMMISSION_PCT,MANAGER_ID,DEPARTMENT_ID,STARS) values ('Nandita','Sarchand','NSARCHAN','650.509.1876','1996-01-27','SH_CLERK',4200,null,121,50,null);
Insert into EMPEXERC5 (FIRST_NAME,LAST_NAME,EMAIL,PHONE_NUMBER,HIRE_DATE,JOB_ID,SALARY,COMMISSION_PCT,MANAGER_ID,DEPARTMENT_ID,STARS) values ('Alexis','Bull','ABULL','650.509.2876','1997-02-20','SH_CLERK',4100,null,121,50,null);
Insert into EMPEXERC5 (FIRST_NAME,LAST_NAME,EMAIL,PHONE_NUMBER,HIRE_DATE,JOB_ID,SALARY,COMMISSION_PCT,MANAGER_ID,DEPARTMENT_ID,STARS) values ('Julia','Dellinger','JDELLING','650.509.3876','1998-06-24','SH_CLERK',3400,null,121,50,null);
Insert into EMPEXERC5 (FIRST_NAME,LAST_NAME,EMAIL,PHONE_NUMBER,HIRE_DATE,JOB_ID,SALARY,COMMISSION_PCT,MANAGER_ID,DEPARTMENT_ID,STARS) values ('Anthony','Cabrio','ACABRIO','650.509.4876','1999-02-07','SH_CLERK',3000,null,121,50,null);
Insert into EMPEXERC5 (FIRST_NAME,LAST_NAME,EMAIL,PHONE_NUMBER,HIRE_DATE,JOB_ID,SALARY,COMMISSION_PCT,MANAGER_ID,DEPARTMENT_ID,STARS) values ('Kelly','Chung','KCHUNG','650.505.1876','1997-06-14','SH_CLERK',3800,null,122,50,null);
Insert into EMPEXERC5 (FIRST_NAME,LAST_NAME,EMAIL,PHONE_NUMBER,HIRE_DATE,JOB_ID,SALARY,COMMISSION_PCT,MANAGER_ID,DEPARTMENT_ID,STARS) values ('Jennifer','Dilly','JDILLY','650.505.2876','1997-08-13','SH_CLERK',3600,null,122,50,null);
Insert into EMPEXERC5 (FIRST_NAME,LAST_NAME,EMAIL,PHONE_NUMBER,HIRE_DATE,JOB_ID,SALARY,COMMISSION_PCT,MANAGER_ID,DEPARTMENT_ID,STARS) values ('Timothy','Gates','TGATES','650.505.3876','1998-07-11','SH_CLERK',2900,null,122,50,null);
Insert into EMPEXERC5 (FIRST_NAME,LAST_NAME,EMAIL,PHONE_NUMBER,HIRE_DATE,JOB_ID,SALARY,COMMISSION_PCT,MANAGER_ID,DEPARTMENT_ID,STARS) values ('Randall','Perkins','RPERKINS','650.505.4876','1999-12-19','SH_CLERK',2500,null,122,50,null);
Insert into EMPEXERC5 (FIRST_NAME,LAST_NAME,EMAIL,PHONE_NUMBER,HIRE_DATE,JOB_ID,SALARY,COMMISSION_PCT,MANAGER_ID,DEPARTMENT_ID,STARS) values ('Sarah','Bell','SBELL','650.501.1876','1996-02-04','SH_CLERK',4000,null,123,50,null);
Insert into EMPEXERC5 (FIRST_NAME,LAST_NAME,EMAIL,PHONE_NUMBER,HIRE_DATE,JOB_ID,SALARY,COMMISSION_PCT,MANAGER_ID,DEPARTMENT_ID,STARS) values ('Britney','Everett','BEVERETT','650.501.2876','1997-03-03','SH_CLERK',3900,null,123,50,null);
Insert into EMPEXERC5 (FIRST_NAME,LAST_NAME,EMAIL,PHONE_NUMBER,HIRE_DATE,JOB_ID,SALARY,COMMISSION_PCT,MANAGER_ID,DEPARTMENT_ID,STARS) values ('Samuel','McCain','SMCCAIN','650.501.3876','1998-07-01','SH_CLERK',3200,null,123,50,null);
Insert into EMPEXERC5 (FIRST_NAME,LAST_NAME,EMAIL,PHONE_NUMBER,HIRE_DATE,JOB_ID,SALARY,COMMISSION_PCT,MANAGER_ID,DEPARTMENT_ID,STARS) values ('Vance','Jones','VJONES','650.501.4876','1999-03-17','SH_CLERK',2800,null,123,50,null);
Insert into EMPEXERC5 (FIRST_NAME,LAST_NAME,EMAIL,PHONE_NUMBER,HIRE_DATE,JOB_ID,SALARY,COMMISSION_PCT,MANAGER_ID,DEPARTMENT_ID,STARS) values ('Alana','Walsh','AWALSH','650.507.9811','1998-04-24','SH_CLERK',3100,null,124,50,null);
Insert into EMPEXERC5 (FIRST_NAME,LAST_NAME,EMAIL,PHONE_NUMBER,HIRE_DATE,JOB_ID,SALARY,COMMISSION_PCT,MANAGER_ID,DEPARTMENT_ID,STARS) values ('Kevin','Feeney','KFEENEY','650.507.9822','1998-05-23','SH_CLERK',3000,null,124,50,null);
Insert into EMPEXERC5 (FIRST_NAME,LAST_NAME,EMAIL,PHONE_NUMBER,HIRE_DATE,JOB_ID,SALARY,COMMISSION_PCT,MANAGER_ID,DEPARTMENT_ID,STARS) values ('Donald','OConnell','DOCONNEL','650.507.9833','1999-06-21','SH_CLERK',2600,null,124,50,null);
Insert into EMPEXERC5 (FIRST_NAME,LAST_NAME,EMAIL,PHONE_NUMBER,HIRE_DATE,JOB_ID,SALARY,COMMISSION_PCT,MANAGER_ID,DEPARTMENT_ID,STARS) values ('Douglas','Grant','DGRANT','650.507.9844','2000-01-13','SH_CLERK',2600,null,124,50,null);
Insert into EMPEXERC5 (FIRST_NAME,LAST_NAME,EMAIL,PHONE_NUMBER,HIRE_DATE,JOB_ID,SALARY,COMMISSION_PCT,MANAGER_ID,DEPARTMENT_ID,STARS) values ('Jennifer','Whalen','JWHALEN','515.123.4444','1987-09-17','AD_ASST',4400,null,101,10,null);
Insert into EMPEXERC5 (FIRST_NAME,LAST_NAME,EMAIL,PHONE_NUMBER,HIRE_DATE,JOB_ID,SALARY,COMMISSION_PCT,MANAGER_ID,DEPARTMENT_ID,STARS) values ('Michael','Hartstein','MHARTSTE','515.123.5555','1996-02-17','MK_MAN',13000,null,100,20,null);
Insert into EMPEXERC5 (FIRST_NAME,LAST_NAME,EMAIL,PHONE_NUMBER,HIRE_DATE,JOB_ID,SALARY,COMMISSION_PCT,MANAGER_ID,DEPARTMENT_ID,STARS) values ('Pat','Fay','PFAY','603.123.6666','1997-08-17','MK_REP',6000,null,201,20,null);
Insert into EMPEXERC5 (FIRST_NAME,LAST_NAME,EMAIL,PHONE_NUMBER,HIRE_DATE,JOB_ID,SALARY,COMMISSION_PCT,MANAGER_ID,DEPARTMENT_ID,STARS) values ('Susan','Mavris','SMAVRIS','515.123.7777','1994-06-07','HR_REP',6500,null,101,40,null);
Insert into EMPEXERC5 (FIRST_NAME,LAST_NAME,EMAIL,PHONE_NUMBER,HIRE_DATE,JOB_ID,SALARY,COMMISSION_PCT,MANAGER_ID,DEPARTMENT_ID,STARS) values ('Hermann','Baer','HBAER','515.123.8888','1994-06-07','PR_REP',10000,null,101,70,null);
Insert into EMPEXERC5 (FIRST_NAME,LAST_NAME,EMAIL,PHONE_NUMBER,HIRE_DATE,JOB_ID,SALARY,COMMISSION_PCT,MANAGER_ID,DEPARTMENT_ID,STARS) values ('Shelley','Higgins','SHIGGINS','515.123.8080','1994-06-07','AC_MGR',12000,null,101,110,null);
Insert into EMPEXERC5 (FIRST_NAME,LAST_NAME,EMAIL,PHONE_NUMBER,HIRE_DATE,JOB_ID,SALARY,COMMISSION_PCT,MANAGER_ID,DEPARTMENT_ID,STARS) values ('William','Gietz','WGIETZ','515.123.8181','1994-06-07','AC_ACCOUNT',8300,null,205,110,null);


--------------------------------------------------------
--  DDL for Table EMPLOYEES_TEMP
--------------------------------------------------------

CREATE TABLE EMPLOYEES_TEMP (
  EMPLOYEE_ID     SERIAL UNIQUE, 
  SALARY          INT, 
  COMMISSION_PCT  INT
);

Insert into EMPLOYEES_TEMP (SALARY,COMMISSION_PCT) values (24000,null);
Insert into EMPLOYEES_TEMP (SALARY,COMMISSION_PCT) values (17000,null);
Insert into EMPLOYEES_TEMP (SALARY,COMMISSION_PCT) values (17000,null);
Insert into EMPLOYEES_TEMP (SALARY,COMMISSION_PCT) values (9000,null);
Insert into EMPLOYEES_TEMP (SALARY,COMMISSION_PCT) values (6000,null);
Insert into EMPLOYEES_TEMP (SALARY,COMMISSION_PCT) values (4800,null);
Insert into EMPLOYEES_TEMP (SALARY,COMMISSION_PCT) values (4800,null);
Insert into EMPLOYEES_TEMP (SALARY,COMMISSION_PCT) values (4200,null);
Insert into EMPLOYEES_TEMP (SALARY,COMMISSION_PCT) values (12000,null);
Insert into EMPLOYEES_TEMP (SALARY,COMMISSION_PCT) values (9000,null);
Insert into EMPLOYEES_TEMP (SALARY,COMMISSION_PCT) values (8200,null);
Insert into EMPLOYEES_TEMP (SALARY,COMMISSION_PCT) values (7700,null);
Insert into EMPLOYEES_TEMP (SALARY,COMMISSION_PCT) values (7800,null);
Insert into EMPLOYEES_TEMP (SALARY,COMMISSION_PCT) values (6900,null);
Insert into EMPLOYEES_TEMP (SALARY,COMMISSION_PCT) values (11000,null);
Insert into EMPLOYEES_TEMP (SALARY,COMMISSION_PCT) values (3100,null);
Insert into EMPLOYEES_TEMP (SALARY,COMMISSION_PCT) values (2900,null);
Insert into EMPLOYEES_TEMP (SALARY,COMMISSION_PCT) values (2800,null);
Insert into EMPLOYEES_TEMP (SALARY,COMMISSION_PCT) values (2600,null);
Insert into EMPLOYEES_TEMP (SALARY,COMMISSION_PCT) values (2500,null);
Insert into EMPLOYEES_TEMP (SALARY,COMMISSION_PCT) values (8000,null);
Insert into EMPLOYEES_TEMP (SALARY,COMMISSION_PCT) values (8200,null);
Insert into EMPLOYEES_TEMP (SALARY,COMMISSION_PCT) values (7900,null);
Insert into EMPLOYEES_TEMP (SALARY,COMMISSION_PCT) values (6500,null);
Insert into EMPLOYEES_TEMP (SALARY,COMMISSION_PCT) values (5800,null);
Insert into EMPLOYEES_TEMP (SALARY,COMMISSION_PCT) values (3200,null);
Insert into EMPLOYEES_TEMP (SALARY,COMMISSION_PCT) values (2700,null);
Insert into EMPLOYEES_TEMP (SALARY,COMMISSION_PCT) values (2400,null);
Insert into EMPLOYEES_TEMP (SALARY,COMMISSION_PCT) values (2200,null);
Insert into EMPLOYEES_TEMP (SALARY,COMMISSION_PCT) values (3300,null);
Insert into EMPLOYEES_TEMP (SALARY,COMMISSION_PCT) values (2800,null);
Insert into EMPLOYEES_TEMP (SALARY,COMMISSION_PCT) values (2500,null);
Insert into EMPLOYEES_TEMP (SALARY,COMMISSION_PCT) values (2100,null);
Insert into EMPLOYEES_TEMP (SALARY,COMMISSION_PCT) values (3300,null);
Insert into EMPLOYEES_TEMP (SALARY,COMMISSION_PCT) values (2900,null);
Insert into EMPLOYEES_TEMP (SALARY,COMMISSION_PCT) values (2400,null);
Insert into EMPLOYEES_TEMP (SALARY,COMMISSION_PCT) values (2200,null);
Insert into EMPLOYEES_TEMP (SALARY,COMMISSION_PCT) values (3600,null);
Insert into EMPLOYEES_TEMP (SALARY,COMMISSION_PCT) values (3200,null);
Insert into EMPLOYEES_TEMP (SALARY,COMMISSION_PCT) values (2700,null);
Insert into EMPLOYEES_TEMP (SALARY,COMMISSION_PCT) values (2500,null);
Insert into EMPLOYEES_TEMP (SALARY,COMMISSION_PCT) values (3500,null);
Insert into EMPLOYEES_TEMP (SALARY,COMMISSION_PCT) values (3100,null);
Insert into EMPLOYEES_TEMP (SALARY,COMMISSION_PCT) values (2600,null);
Insert into EMPLOYEES_TEMP (SALARY,COMMISSION_PCT) values (2500,null);
Insert into EMPLOYEES_TEMP (SALARY,COMMISSION_PCT) values (14000,0.4);
Insert into EMPLOYEES_TEMP (SALARY,COMMISSION_PCT) values (13500,0.3);
Insert into EMPLOYEES_TEMP (SALARY,COMMISSION_PCT) values (12000,0.3);
Insert into EMPLOYEES_TEMP (SALARY,COMMISSION_PCT) values (11000,0.3);
Insert into EMPLOYEES_TEMP (SALARY,COMMISSION_PCT) values (10500,0.2);
Insert into EMPLOYEES_TEMP (SALARY,COMMISSION_PCT) values (10000,0.3);
Insert into EMPLOYEES_TEMP (SALARY,COMMISSION_PCT) values (9500,0.25);
Insert into EMPLOYEES_TEMP (SALARY,COMMISSION_PCT) values (9000,0.25);
Insert into EMPLOYEES_TEMP (SALARY,COMMISSION_PCT) values (8000,0.2);
Insert into EMPLOYEES_TEMP (SALARY,COMMISSION_PCT) values (7500,0.2);
Insert into EMPLOYEES_TEMP (SALARY,COMMISSION_PCT) values (7000,0.15);
Insert into EMPLOYEES_TEMP (SALARY,COMMISSION_PCT) values (10000,0.35);
Insert into EMPLOYEES_TEMP (SALARY,COMMISSION_PCT) values (9500,0.35);
Insert into EMPLOYEES_TEMP (SALARY,COMMISSION_PCT) values (9000,0.35);
Insert into EMPLOYEES_TEMP (SALARY,COMMISSION_PCT) values (8000,0.3);
Insert into EMPLOYEES_TEMP (SALARY,COMMISSION_PCT) values (7500,0.3);
Insert into EMPLOYEES_TEMP (SALARY,COMMISSION_PCT) values (7000,0.25);
Insert into EMPLOYEES_TEMP (SALARY,COMMISSION_PCT) values (10500,0.25);
Insert into EMPLOYEES_TEMP (SALARY,COMMISSION_PCT) values (9500,0.15);
Insert into EMPLOYEES_TEMP (SALARY,COMMISSION_PCT) values (7200,0.1);
Insert into EMPLOYEES_TEMP (SALARY,COMMISSION_PCT) values (6800,0.1);
Insert into EMPLOYEES_TEMP (SALARY,COMMISSION_PCT) values (6400,0.1);
Insert into EMPLOYEES_TEMP (SALARY,COMMISSION_PCT) values (6200,0.1);
Insert into EMPLOYEES_TEMP (SALARY,COMMISSION_PCT) values (11500,0.25);
Insert into EMPLOYEES_TEMP (SALARY,COMMISSION_PCT) values (10000,0.2);
Insert into EMPLOYEES_TEMP (SALARY,COMMISSION_PCT) values (9600,0.2);
Insert into EMPLOYEES_TEMP (SALARY,COMMISSION_PCT) values (7400,0.15);
Insert into EMPLOYEES_TEMP (SALARY,COMMISSION_PCT) values (7300,0.15);
Insert into EMPLOYEES_TEMP (SALARY,COMMISSION_PCT) values (6100,0.1);
Insert into EMPLOYEES_TEMP (SALARY,COMMISSION_PCT) values (11000,0.3);
Insert into EMPLOYEES_TEMP (SALARY,COMMISSION_PCT) values (8800,0.25);
Insert into EMPLOYEES_TEMP (SALARY,COMMISSION_PCT) values (8600,0.2);
Insert into EMPLOYEES_TEMP (SALARY,COMMISSION_PCT) values (8400,0.2);
Insert into EMPLOYEES_TEMP (SALARY,COMMISSION_PCT) values (7000,0.15);
Insert into EMPLOYEES_TEMP (SALARY,COMMISSION_PCT) values (6200,0.1);
Insert into EMPLOYEES_TEMP (SALARY,COMMISSION_PCT) values (3200,null);
Insert into EMPLOYEES_TEMP (SALARY,COMMISSION_PCT) values (3100,null);
Insert into EMPLOYEES_TEMP (SALARY,COMMISSION_PCT) values (2500,null);
Insert into EMPLOYEES_TEMP (SALARY,COMMISSION_PCT) values (2800,null);
Insert into EMPLOYEES_TEMP (SALARY,COMMISSION_PCT) values (4200,null);
Insert into EMPLOYEES_TEMP (SALARY,COMMISSION_PCT) values (4100,null);
Insert into EMPLOYEES_TEMP (SALARY,COMMISSION_PCT) values (3400,null);
Insert into EMPLOYEES_TEMP (SALARY,COMMISSION_PCT) values (3000,null);
Insert into EMPLOYEES_TEMP (SALARY,COMMISSION_PCT) values (3800,null);
Insert into EMPLOYEES_TEMP (SALARY,COMMISSION_PCT) values (3600,null);
Insert into EMPLOYEES_TEMP (SALARY,COMMISSION_PCT) values (2900,null);
Insert into EMPLOYEES_TEMP (SALARY,COMMISSION_PCT) values (2500,null);
Insert into EMPLOYEES_TEMP (SALARY,COMMISSION_PCT) values (4000,null);
Insert into EMPLOYEES_TEMP (SALARY,COMMISSION_PCT) values (3900,null);
Insert into EMPLOYEES_TEMP (SALARY,COMMISSION_PCT) values (3200,null);
Insert into EMPLOYEES_TEMP (SALARY,COMMISSION_PCT) values (2800,null);
Insert into EMPLOYEES_TEMP (SALARY,COMMISSION_PCT) values (3100,null);
Insert into EMPLOYEES_TEMP (SALARY,COMMISSION_PCT) values (3000,null);
Insert into EMPLOYEES_TEMP (SALARY,COMMISSION_PCT) values (2600,null);
Insert into EMPLOYEES_TEMP (SALARY,COMMISSION_PCT) values (2600,null);
Insert into EMPLOYEES_TEMP (SALARY,COMMISSION_PCT) values (4400,null);
Insert into EMPLOYEES_TEMP (SALARY,COMMISSION_PCT) values (13000,null);
Insert into EMPLOYEES_TEMP (SALARY,COMMISSION_PCT) values (6000,null);
Insert into EMPLOYEES_TEMP (SALARY,COMMISSION_PCT) values (6500,null);
Insert into EMPLOYEES_TEMP (SALARY,COMMISSION_PCT) values (10000,null);
Insert into EMPLOYEES_TEMP (SALARY,COMMISSION_PCT) values (12000,null);
Insert into EMPLOYEES_TEMP (SALARY,COMMISSION_PCT) values (8300,null);
Insert into EMPLOYEES_TEMP (SALARY,COMMISSION_PCT) values (2500,0);


--------------------------------------------------------
--  DDL for Table JOB_GRADES
--------------------------------------------------------

CREATE TABLE JOB_GRADES (
    GRADE_LEVEL   VARCHAR(3) not null primary key, 
	LOWEST_SAL    INT, 
	HIGHEST_SAL   INT
);

Insert into JOB_GRADES (GRADE_LEVEL,LOWEST_SAL,HIGHEST_SAL) values ('A',1000,2999);
Insert into JOB_GRADES (GRADE_LEVEL,LOWEST_SAL,HIGHEST_SAL) values ('B',3000,5999);
Insert into JOB_GRADES (GRADE_LEVEL,LOWEST_SAL,HIGHEST_SAL) values ('C',6000,9999);
Insert into JOB_GRADES (GRADE_LEVEL,LOWEST_SAL,HIGHEST_SAL) values ('D',10000,14999);
Insert into JOB_GRADES (GRADE_LEVEL,LOWEST_SAL,HIGHEST_SAL) values ('E',15000,24999);
Insert into JOB_GRADES (GRADE_LEVEL,LOWEST_SAL,HIGHEST_SAL) values ('F',25000,40000);

--------------------------------------------------------
--  DDL for Table JOB_HISTORY
--------------------------------------------------------

CREATE TABLE JOB_HISTORY (
	JOB_HISTORY_ID	SERIAL 			unique,
  	EMPLOYEE_ID   	INT 			REFERENCES EMPLOYEES(EMPLOYEE_ID), 
	START_DATE    	DATE, 
	END_DATE      	DATE, 
	JOB_ID        	VARCHAR(10) 	REFERENCES JOBS(JOB_ID), 
	DEPARTMENT_ID 	INT 			REFERENCES DEPARTMENTS(DEPARTMENT_ID)
);

Insert into JOB_HISTORY (EMPLOYEE_ID, START_DATE,END_DATE,JOB_ID,DEPARTMENT_ID) values (3,'1993-01-13','1998-07-24','IT_PROG',6);
Insert into JOB_HISTORY (EMPLOYEE_ID, START_DATE,END_DATE,JOB_ID,DEPARTMENT_ID) values (2,'1989-09-21','1993-10-27','AC_ACCOUNT',11);
Insert into JOB_HISTORY (EMPLOYEE_ID, START_DATE,END_DATE,JOB_ID,DEPARTMENT_ID) values (2,'1993-10-28','1997-03-15','AC_MGR',11);
Insert into JOB_HISTORY (EMPLOYEE_ID, START_DATE,END_DATE,JOB_ID,DEPARTMENT_ID) values (2,'1996-02-17','1999-12-19','MK_REP',2);
Insert into JOB_HISTORY (EMPLOYEE_ID, START_DATE,END_DATE,JOB_ID,DEPARTMENT_ID) values (14,'1998-03-24','1999-12-31','ST_CLERK',5);
Insert into JOB_HISTORY (EMPLOYEE_ID, START_DATE,END_DATE,JOB_ID,DEPARTMENT_ID) values (22,'1999-01-01','1999-12-31','ST_CLERK',5);
Insert into JOB_HISTORY (EMPLOYEE_ID, START_DATE,END_DATE,JOB_ID,DEPARTMENT_ID) values (100,'1987-09-17','1993-06-17','AD_ASST',9);
Insert into JOB_HISTORY (EMPLOYEE_ID, START_DATE,END_DATE,JOB_ID,DEPARTMENT_ID) values (76,'1998-03-24','1998-12-31','SA_REP',8);
Insert into JOB_HISTORY (EMPLOYEE_ID, START_DATE,END_DATE,JOB_ID,DEPARTMENT_ID) values (76,'1999-01-01','1999-12-31','SA_MAN',8);
Insert into JOB_HISTORY (EMPLOYEE_ID, START_DATE,END_DATE,JOB_ID,DEPARTMENT_ID) values (100,'1994-07-01','1998-12-31','AC_ACCOUNT',9);


--------------------------------------------------------
--  DDL for Table MESSAGES
--------------------------------------------------------

CREATE TABLE MESSAGES (
  RESULTS VARCHAR(80)
);

Insert into MESSAGES (RESULTS) values ('1');
Insert into MESSAGES (RESULTS) values ('2');
Insert into MESSAGES (RESULTS) values ('3');
Insert into MESSAGES (RESULTS) values ('4');
Insert into MESSAGES (RESULTS) values ('5');
Insert into MESSAGES (RESULTS) values ('7');
Insert into MESSAGES (RESULTS) values ('9');
Insert into MESSAGES (RESULTS) values ('10');




